SKU_CD,BRAND_NM,CAT_NM,WK_START_DT,WK_NUM,YR_NUM,CHNL_CD,REG_NM,PLNT_CD,ACTV_SELL_QTY_WK,HIST_AVG_QTY_4WK,UNCNSTND_FCST_QTY_WK,ADJSTD_DMND_QTY_WK,ADJSTD_DMND_QTY_WK4_FCST,ADJSTD_DMND_QTY_WK8_FCST,ADJSTD_DMND_QTY_WK13_FCST,BIAS_PCT,MAPE_PCT,PRMO_FLG,NEW_ITM_FLG,PREV_YR_ACTV_QTY_WK,YOY_DELTA_PCT
RF01000,ZingEnergy,Carbonated Soft Drinks,2025-11-14,46,2025,MASS_MERCH,SOUTHEAST,PLNT_CHI,11611,11916,12598,13161,12487,11198,11543,0.1248,0.0868,N,N,11471,0.0175
RF01000,ZingEnergy,Carbonated Soft Drinks,2025-11-21,47,2025,MASS_MERCH,MIDWEST,PLNT_CHI,13015,12336,14510,13887,15065,14685,15281,0.0334,0.1777,N,N,15141,-0.0111
RF01000,ZingEnergy,Carbonated Soft Drinks,2025-11-28,48,2025,ECOMM,MIDWEST,PLNT_CHI,12825,11796,12528,12839,12764,12814,11698,-0.0073,0.0809,N,N,13327,0.095
RF01000,ZingEnergy,Carbonated Soft Drinks,2025-12-05,49,2025,CLUB,WEST,PLNT_CHI,14054,14403,12739,12393,12797,10259,14317,-0.0634,0.1541,N,N,14160,-0.1017
RF01000,ZingEnergy,Carbonated Soft Drinks,2025-12-12,50,2025,GROCERY,SOUTHWEST,PLNT_CHI,12708,14223,12822,13224,12833,12518,14614,0.0429,0.1536,N,N,14971,-0.0437
RF01000,ZingEnergy,Carbonated Soft Drinks,2025-12-19,51,2025,DRUG_STORE,WEST,PLNT_CHI,14071,13918,13770,13526,14803,11097,16376,-0.0732,0.1005,N,N,14062,0.0495
RF01000,ZingEnergy,Carbonated Soft Drinks,2025-12-26,52,2025,CLUB,SOUTHWEST,PLNT_CHI,13718,12951,12795,12523,11415,14899,13433,0.0293,0.1224,N,N,11485,0.1103
RF01000,ZingEnergy,Carbonated Soft Drinks,2026-01-02,1,2026,DRUG_STORE,MIDWEST,PLNT_CHI,16115,15965,14976,15473,15663,14295,18450,0.0114,0.1645,N,N,18834,0.0289
RF01000,ZingEnergy,Carbonated Soft Drinks,2026-01-09,2,2026,DRUG_STORE,MIDWEST,PLNT_CHI,12840,13961,12442,12802,14375,12967,15168,0.0115,0.1096,N,N,12786,0.1389
RF01000,ZingEnergy,Carbonated Soft Drinks,2026-01-16,3,2026,DRUG_STORE,MIDWEST,PLNT_CHI,15439,14865,16025,16094,17801,19195,14107,0.1,0.0324,N,N,15272,0.1985
RF01000,ZingEnergy,Carbonated Soft Drinks,2026-01-23,4,2026,MASS_MERCH,SOUTHWEST,PLNT_CHI,15767,17615,17313,17576,19875,15255,22174,-0.0206,0.1064,N,N,18355,0.088
RF01000,ZingEnergy,Carbonated Soft Drinks,2026-01-30,5,2026,CONV_STORE,MIDWEST,PLNT_CHI,15753,17155,17997,17231,17955,16732,13656,0.0243,0.0774,N,N,16551,0.1983
RF01000,ZingEnergy,Carbonated Soft Drinks,2026-02-06,6,2026,CLUB,MIDWEST,PLNT_CHI,16223,16382,17104,16650,18969,18377,16317,-0.0401,0.1893,N,N,17481,0.1386
RF01000,ZingEnergy,Carbonated Soft Drinks,2026-02-13,7,2026,MASS_MERCH,SOUTHEAST,PLNT_CHI,15872,17000,15448,15254,15530,15788,17847,0.006,0.1317,N,N,14226,0.0827
RF01000,ZingEnergy,Carbonated Soft Drinks,2026-02-20,8,2026,GROCERY,SOUTHWEST,PLNT_CHI,16205,16053,15613,15230,16971,16410,12697,-0.0032,0.0684,N,N,15714,0.0796
RF01000,ZingEnergy,Carbonated Soft Drinks,2026-02-27,9,2026,MASS_MERCH,SOUTHWEST,PLNT_CHI,15928,14778,15867,15840,16294,16448,20213,0.1746,0.0735,N,N,16348,0.3581
RF01000,ZingEnergy,Carbonated Soft Drinks,2026-03-06,10,2026,CONV_STORE,SOUTHEAST,PLNT_CHI,15481,13805,16279,16273,16888,15522,17695,-0.1016,0.0545,N,N,17576,-0.0844
RF01000,ZingEnergy,Carbonated Soft Drinks,2026-03-13,11,2026,ECOMM,MIDWEST,PLNT_CHI,14838,15359,14500,14414,15428,12313,13064,-0.1048,0.1194,Y,N,17636,-0.0346
RF01000,ZingEnergy,Carbonated Soft Drinks,2026-03-20,12,2026,DRUG_STORE,MIDWEST,PLNT_CHI,14315,15450,13803,14251,15307,13520,11558,-0.0141,0.1522,N,N,15598,0.0247
RF01000,ZingEnergy,Carbonated Soft Drinks,2026-03-27,13,2026,GROCERY,MIDWEST,PLNT_CHI,18310,19648,18153,18680,19044,18545,20671,-0.0063,0.0827,N,N,15441,-0.1005
RF01000,ZingEnergy,Carbonated Soft Drinks,2026-04-03,14,2026,MASS_MERCH,NORTHEAST,PLNT_CHI,16153,17642,16804,17501,18292,17438,19628,0.0379,0.1023,Y,Y,19357,-0.0082
RF01000,ZingEnergy,Carbonated Soft Drinks,2026-04-10,15,2026,CLUB,WEST,PLNT_CHI,16558,16707,16510,16297,16117,17960,13557,0.059,0.0964,N,N,19548,0.0679
RF01000,ZingEnergy,Carbonated Soft Drinks,2026-04-17,16,2026,GROCERY,MIDWEST,PLNT_CHI,16837,16608,19154,19834,20261,23633,18645,0.0357,0.0888,Y,N,16532,0.0865
RF01000,ZingEnergy,Carbonated Soft Drinks,2026-04-24,17,2026,MASS_MERCH,SOUTHEAST,PLNT_CHI,15358,15716,13904,14302,15512,12842,17016,-0.0778,0.0449,N,N,17043,-0.0133
RF01000,ZingEnergy,Carbonated Soft Drinks,2026-05-01,18,2026,ECOMM,MIDWEST,PLNT_CHI,16169,15304,18529,19432,21134,16745,23497,-0.0845,0.1582,N,N,13037,0.1233
RF01000,ZingEnergy,Carbonated Soft Drinks,2026-05-08,19,2026,DRUG_STORE,MIDWEST,PLNT_CHI,15762,15463,14633,13994,14182,12054,14232,0.0615,0.1368,N,N,15897,0.028
RF01001,ZingEnergy,Carbonated Soft Drinks,2025-11-14,46,2025,CLUB,SOUTHWEST,PLNT_CHI,11910,12902,11988,11518,10355,9798,12351,0.0764,0.1641,N,N,11077,0.0786
RF01001,ZingEnergy,Carbonated Soft Drinks,2025-11-21,47,2025,CLUB,NORTHEAST,PLNT_CHI,10573,10455,11115,10669,11754,11387,12349,0.0167,0.1124,N,N,9891,-0.0421
RF01001,ZingEnergy,Carbonated Soft Drinks,2025-11-28,48,2025,CONV_STORE,SOUTHEAST,PLNT_CHI,9304,8399,9366,9520,10077,9522,7600,0.0439,0.1748,N,N,7927,0.1052
RF01001,ZingEnergy,Carbonated Soft Drinks,2025-12-05,49,2025,CLUB,SOUTHWEST,PLNT_CHI,11716,11889,12506,12394,13704,13559,15656,0.0938,0.0749,N,N,12450,-0.0259
RF01001,ZingEnergy,Carbonated Soft Drinks,2025-12-12,50,2025,ECOMM,SOUTHEAST,PLNT_CHI,10420,11283,10335,10606,11559,12103,13432,0.0578,0.1545,N,Y,12208,-0.1104
RF01001,ZingEnergy,Carbonated Soft Drinks,2025-12-19,51,2025,CONV_STORE,MIDWEST,PLNT_CHI,10812,9982,11630,11407,10056,13124,11979,-0.0354,0.0931,N,Y,11876,0.0788
RF01001,ZingEnergy,Carbonated Soft Drinks,2025-12-26,52,2025,ECOMM,WEST,PLNT_CHI,10895,10478,10813,11052,9969,9283,9211,0.1015,0.0537,N,N,10832,-0.0812
RF01001,ZingEnergy,Carbonated Soft Drinks,2026-01-02,1,2026,CONV_STORE,WEST,PLNT_CHI,10421,11058,9675,9607,9669,10313,7436,0.0428,0.0558,Y,N,9217,0.1393
RF01001,ZingEnergy,Carbonated Soft Drinks,2026-01-09,2,2026,MASS_MERCH,SOUTHEAST,PLNT_CHI,11409,10938,10290,10544,10321,11465,10703,0.0667,0.1744,Y,N,9320,-0.1483
RF01001,ZingEnergy,Carbonated Soft Drinks,2026-01-16,3,2026,CLUB,SOUTHWEST,PLNT_CHI,12708,13812,13266,13363,12765,13014,16865,0.0412,0.1887,N,N,12005,0.297
RF01001,ZingEnergy,Carbonated Soft Drinks,2026-01-23,4,2026,CONV_STORE,MIDWEST,PLNT_CHI,11060,10889,11061,10594,9933,11823,8374,0.0347,0.0706,Y,N,10401,-0.0696
RF01001,ZingEnergy,Carbonated Soft Drinks,2026-01-30,5,2026,MASS_MERCH,WEST,PLNT_CHI,12385,11337,11464,11184,10286,12397,8834,-0.0099,0.2005,N,N,12778,-0.0108
RF01001,ZingEnergy,Carbonated Soft Drinks,2026-02-06,6,2026,CLUB,MIDWEST,PLNT_CHI,10978,11354,12587,12364,11365,10459,12170,-0.1302,0.1043,Y,N,10145,0.1309
RF01001,ZingEnergy,Carbonated Soft Drinks,2026-02-13,7,2026,GROCERY,WEST,PLNT_CHI,11411,12319,10488,10870,11244,10501,11495,0.0281,0.2143,Y,N,11738,-0.0158
RF01001,ZingEnergy,Carbonated Soft Drinks,2026-02-20,8,2026,CONV_STORE,NORTHEAST,PLNT_CHI,12025,12028,13701,13633,13785,12073,12014,0.1209,0.0603,N,N,11413,0.0892
RF01001,ZingEnergy,Carbonated Soft Drinks,2026-02-27,9,2026,CLUB,MIDWEST,PLNT_CHI,11577,11127,12149,12500,11214,10698,13869,0.1003,0.0995,N,N,13305,0.2281
RF01001,ZingEnergy,Carbonated Soft Drinks,2026-03-06,10,2026,CLUB,SOUTHWEST,PLNT_CHI,11292,10320,11150,11671,10661,12713,9277,0.1116,0.0397,N,N,12208,-0.0224
RF01001,ZingEnergy,Carbonated Soft Drinks,2026-03-13,11,2026,ECOMM,MIDWEST,PLNT_CHI,13878,15251,12814,13032,11529,12215,16343,-0.0694,0.0643,Y,N,11962,0.2115
RF01001,ZingEnergy,Carbonated Soft Drinks,2026-03-20,12,2026,ECOMM,NORTHEAST,PLNT_CHI,11372,11392,11769,12049,12676,13892,12983,0.1551,0.0916,Y,N,11939,0.0001
RF01001,ZingEnergy,Carbonated Soft Drinks,2026-03-27,13,2026,DRUG_STORE,WEST,PLNT_CHI,12533,11160,12421,12693,12110,14018,12539,-0.0534,0.0695,N,N,14212,0.0181
RF01001,ZingEnergy,Carbonated Soft Drinks,2026-04-03,14,2026,DRUG_STORE,WEST,PLNT_CHI,10520,11743,10682,10448,10627,12403,12359,0.1632,0.1304,N,N,12094,-0.0221
RF01001,ZingEnergy,Carbonated Soft Drinks,2026-04-10,15,2026,MASS_MERCH,MIDWEST,PLNT_CHI,11244,12177,12512,12243,12204,12427,14574,0.0075,0.2305,N,N,13180,0.1837
RF01001,ZingEnergy,Carbonated Soft Drinks,2026-04-17,16,2026,MASS_MERCH,NORTHEAST,PLNT_CHI,10876,10547,10838,10384,9998,8905,11721,0.061,0.1028,Y,N,10756,0.098
RF01001,ZingEnergy,Carbonated Soft Drinks,2026-04-24,17,2026,GROCERY,MIDWEST,PLNT_CHI,11902,11813,12542,13051,12216,11443,16291,-0.0978,0.0712,N,N,10101,-0.0396
RF01001,ZingEnergy,Carbonated Soft Drinks,2026-05-01,18,2026,DRUG_STORE,WEST,PLNT_CHI,11319,11652,10364,10712,10919,11356,11298,0.1339,0.1102,Y,N,11638,-0.0576
RF01001,ZingEnergy,Carbonated Soft Drinks,2026-05-08,19,2026,ECOMM,WEST,PLNT_CHI,11518,11582,11404,11921,12927,12074,9069,0.1297,0.1325,N,N,12657,0.0144
RF01002,ZingEnergy,Carbonated Soft Drinks,2025-11-14,46,2025,CONV_STORE,SOUTHEAST,PLNT_ATL,7162,7382,7827,8011,7142,8231,9462,0.1276,0.1673,N,N,7539,0.2259
RF01002,ZingEnergy,Carbonated Soft Drinks,2025-11-21,47,2025,GROCERY,SOUTHEAST,PLNT_ATL,7905,8428,8018,7852,8718,7380,7179,-0.0068,0.0315,N,Y,8369,0.1716
RF01002,ZingEnergy,Carbonated Soft Drinks,2025-11-28,48,2025,CONV_STORE,SOUTHWEST,PLNT_ATL,7780,6935,8277,8089,8989,8917,9902,0.1752,0.0025,N,N,9100,0.2516
RF01002,ZingEnergy,Carbonated Soft Drinks,2025-12-05,49,2025,MASS_MERCH,WEST,PLNT_ATL,7253,7648,6670,6738,6444,5787,6224,0.0026,0.1016,N,N,7090,0.1651
RF01002,ZingEnergy,Carbonated Soft Drinks,2025-12-12,50,2025,CLUB,NORTHEAST,PLNT_ATL,7573,8321,7979,7927,7130,8420,7471,0.062,0.1486,N,N,7898,-0.1318
RF01002,ZingEnergy,Carbonated Soft Drinks,2025-12-19,51,2025,DRUG_STORE,WEST,PLNT_ATL,8587,7695,9399,9273,8238,8144,9165,-0.0009,0.0752,Y,N,8129,0.1342
RF01002,ZingEnergy,Carbonated Soft Drinks,2025-12-26,52,2025,ECOMM,SOUTHWEST,PLNT_ATL,8558,9503,7757,7513,8395,6496,8720,0.0794,0.1081,N,N,10264,-0.0399
RF01002,ZingEnergy,Carbonated Soft Drinks,2026-01-02,1,2026,GROCERY,MIDWEST,PLNT_ATL,8976,8058,8465,8645,9108,9419,9003,0.0611,0.1073,Y,N,9694,0.1381
RF01002,ZingEnergy,Carbonated Soft Drinks,2026-01-09,2,2026,MASS_MERCH,SOUTHWEST,PLNT_ATL,9269,8655,10624,10934,9696,11267,10338,0.0873,0.1451,N,N,8561,-0.1034
RF01002,ZingEnergy,Carbonated Soft Drinks,2026-01-16,3,2026,GROCERY,SOUTHEAST,PLNT_ATL,10023,10084,10948,11301,12801,12025,11170,0.0197,0.0966,N,N,10583,-0.0598
RF01002,ZingEnergy,Carbonated Soft Drinks,2026-01-23,4,2026,GROCERY,WEST,PLNT_ATL,9875,9715,11135,10639,9785,9389,9798,0.2095,0.106,N,N,11241,-0.067
RF01002,ZingEnergy,Carbonated Soft Drinks,2026-01-30,5,2026,ECOMM,NORTHEAST,PLNT_ATL,9409,9523,8762,8589,8680,7593,10728,0.1336,0.1698,N,N,10698,0.185
RF01002,ZingEnergy,Carbonated Soft Drinks,2026-02-06,6,2026,ECOMM,MIDWEST,PLNT_ATL,8593,7620,7831,7941,8332,8825,7709,-0.0382,0.0748,N,N,10162,-0.068
RF01002,ZingEnergy,Carbonated Soft Drinks,2026-02-13,7,2026,GROCERY,SOUTHEAST,PLNT_ATL,8633,9016,8411,8051,8005,8083,6908,0.0355,0.0793,N,N,9878,-0.0245
RF01002,ZingEnergy,Carbonated Soft Drinks,2026-02-20,8,2026,DRUG_STORE,NORTHEAST,PLNT_ATL,9932,9623,10333,10146,9634,9275,8130,0.0135,0.1052,N,N,11383,0.1544
RF01002,ZingEnergy,Carbonated Soft Drinks,2026-02-27,9,2026,DRUG_STORE,WEST,PLNT_ATL,9956,10141,9738,9994,10007,11533,10129,0.0801,0.1706,N,N,10287,0.1043
RF01002,ZingEnergy,Carbonated Soft Drinks,2026-03-06,10,2026,CONV_STORE,WEST,PLNT_ATL,10146,10383,11269,11463,10111,9867,9410,0.0396,0.1148,N,Y,8324,0.154
RF01002,ZingEnergy,Carbonated Soft Drinks,2026-03-13,11,2026,ECOMM,MIDWEST,PLNT_ATL,9282,8811,9250,9204,10074,9727,9883,-0.0088,0.1387,N,N,9496,0.0791
RF01002,ZingEnergy,Carbonated Soft Drinks,2026-03-20,12,2026,GROCERY,SOUTHEAST,PLNT_ATL,9552,9786,9555,9115,9712,10258,9345,0.0534,0.1953,Y,N,8858,0.2443
RF01002,ZingEnergy,Carbonated Soft Drinks,2026-03-27,13,2026,ECOMM,WEST,PLNT_ATL,9158,9911,9601,9608,9678,9933,9624,0.089,0.1735,Y,N,8453,0.0512
RF01002,ZingEnergy,Carbonated Soft Drinks,2026-04-03,14,2026,CLUB,WEST,PLNT_ATL,10573,10901,11093,10832,11158,11851,11473,-0.0764,0.1605,N,N,9083,0.1884
RF01002,ZingEnergy,Carbonated Soft Drinks,2026-04-10,15,2026,CONV_STORE,SOUTHWEST,PLNT_ATL,9607,10640,8910,8481,7797,9179,8205,0.0016,0.1411,N,N,7924,-0.2267
RF01002,ZingEnergy,Carbonated Soft Drinks,2026-04-17,16,2026,CONV_STORE,SOUTHEAST,PLNT_ATL,9845,9431,10490,10516,10510,10753,10931,0.0616,0.0658,N,N,8917,-0.1756
RF01002,ZingEnergy,Carbonated Soft Drinks,2026-04-24,17,2026,CONV_STORE,MIDWEST,PLNT_ATL,8218,7782,8009,8362,8891,9050,8438,0.0399,0.0437,N,N,7520,0.0595
RF01002,ZingEnergy,Carbonated Soft Drinks,2026-05-01,18,2026,MASS_MERCH,MIDWEST,PLNT_ATL,8880,9723,8867,8729,7776,10326,6912,-0.0246,0.1978,N,N,10044,-0.0406
RF01002,ZingEnergy,Carbonated Soft Drinks,2026-05-08,19,2026,MASS_MERCH,SOUTHEAST,PLNT_ATL,9309,8798,8632,8839,7894,10288,7686,0.1219,0.123,N,N,9983,0.0948
RF01003,SweetWave,Carbonated Soft Drinks,2025-11-14,46,2025,DRUG_STORE,SOUTHEAST,PLNT_DAL,2975,2908,3372,3499,3766,3251,3153,-0.0373,0.2157,N,N,3259,0.1146
RF01003,SweetWave,Carbonated Soft Drinks,2025-11-21,47,2025,GROCERY,SOUTHWEST,PLNT_DAL,3587,3949,3603,3724,4040,3317,4271,0.0022,0.1545,Y,N,3734,-0.0313
RF01003,SweetWave,Carbonated Soft Drinks,2025-11-28,48,2025,MASS_MERCH,WEST,PLNT_DAL,3782,3740,4010,4019,4025,3590,3254,-0.0114,0.1547,N,N,4139,0.1534
RF01003,SweetWave,Carbonated Soft Drinks,2025-12-05,49,2025,DRUG_STORE,SOUTHWEST,PLNT_DAL,3698,3926,3490,3614,3664,3082,3992,-0.0802,0.1332,N,N,3344,0.1006
RF01003,SweetWave,Carbonated Soft Drinks,2025-12-12,50,2025,GROCERY,MIDWEST,PLNT_DAL,3686,4087,3595,3675,3858,3980,2877,0.1534,0.1578,N,N,4268,0.1095
RF01003,SweetWave,Carbonated Soft Drinks,2025-12-19,51,2025,ECOMM,SOUTHEAST,PLNT_DAL,3616,3283,4082,3998,3746,3481,3323,-0.0461,0.1188,N,N,3573,-0.1237
RF01003,SweetWave,Carbonated Soft Drinks,2025-12-26,52,2025,GROCERY,WEST,PLNT_DAL,3350,3123,3222,3304,3291,3592,2614,-0.0076,0.1003,N,N,3447,0.0232
RF01003,SweetWave,Carbonated Soft Drinks,2026-01-02,1,2026,ECOMM,SOUTHWEST,PLNT_DAL,3848,3866,3575,3469,3134,3517,4088,0.0777,0.0511,N,N,3790,0.0815
RF01003,SweetWave,Carbonated Soft Drinks,2026-01-09,2,2026,ECOMM,NORTHEAST,PLNT_DAL,3870,3773,4272,4377,3903,4162,3430,-0.1001,0.26,Y,N,3145,0.0297
RF01003,SweetWave,Carbonated Soft Drinks,2026-01-16,3,2026,DRUG_STORE,MIDWEST,PLNT_DAL,3390,3606,3880,3936,4479,3799,4766,0.0942,0.1685,N,N,3443,-0.0244
RF01003,SweetWave,Carbonated Soft Drinks,2026-01-23,4,2026,CLUB,SOUTHEAST,PLNT_DAL,3615,3336,3739,3749,4112,4151,4755,-0.0408,0.027,N,N,3224,0.0841
RF01003,SweetWave,Carbonated Soft Drinks,2026-01-30,5,2026,GROCERY,SOUTHWEST,PLNT_DAL,3603,3333,4031,4138,4303,4865,5053,0.0314,0.1213,N,N,3850,0.0847
RF01003,SweetWave,Carbonated Soft Drinks,2026-02-06,6,2026,GROCERY,SOUTHEAST,PLNT_DAL,3857,3435,3894,3909,3952,3635,4621,-0.0231,0.1139,N,N,3580,-0.0645
RF01003,SweetWave,Carbonated Soft Drinks,2026-02-13,7,2026,GROCERY,WEST,PLNT_DAL,3670,3811,3505,3435,3869,3964,4235,0.0622,0.0755,N,N,4318,-0.0501
RF01003,SweetWave,Carbonated Soft Drinks,2026-02-20,8,2026,DRUG_STORE,SOUTHEAST,PLNT_DAL,3488,3336,3502,3379,3636,3378,4055,-0.1036,0.0905,N,N,3575,0.2187
RF01003,SweetWave,Carbonated Soft Drinks,2026-02-27,9,2026,CLUB,NORTHEAST,PLNT_DAL,3968,3619,3812,3698,4140,4222,2954,-0.0005,0.1138,N,N,4131,-0.037
RF01003,SweetWave,Carbonated Soft Drinks,2026-03-06,10,2026,DRUG_STORE,SOUTHEAST,PLNT_DAL,3738,3972,4041,4064,4495,3846,5109,-0.0168,0.2605,N,N,4484,0.0672
RF01003,SweetWave,Carbonated Soft Drinks,2026-03-13,11,2026,ECOMM,MIDWEST,PLNT_DAL,3407,3492,3240,3374,3649,3254,3484,0.0279,0.0904,N,N,2859,0.1123
RF01003,SweetWave,Carbonated Soft Drinks,2026-03-20,12,2026,DRUG_STORE,NORTHEAST,PLNT_DAL,3815,4126,4305,4249,4360,3841,3515,0.0095,0.1105,N,N,3284,0.3197
RF01003,SweetWave,Carbonated Soft Drinks,2026-03-27,13,2026,CLUB,MIDWEST,PLNT_DAL,3378,3648,3461,3514,3327,3978,4435,0.0886,0.0762,Y,N,2931,-0.0683
RF01003,SweetWave,Carbonated Soft Drinks,2026-04-03,14,2026,GROCERY,WEST,PLNT_DAL,3386,3724,3506,3555,3159,4058,4447,-0.071,0.0699,N,N,3022,-0.1377
RF01003,SweetWave,Carbonated Soft Drinks,2026-04-10,15,2026,CLUB,WEST,PLNT_DAL,3372,3376,3349,3388,3785,3626,2569,0.0095,0.0595,Y,N,3420,0.0152
RF01003,SweetWave,Carbonated Soft Drinks,2026-04-17,16,2026,MASS_MERCH,NORTHEAST,PLNT_DAL,3254,3408,3278,3422,3828,3487,3003,0.112,0.0866,N,N,2706,-0.0226
RF01003,SweetWave,Carbonated Soft Drinks,2026-04-24,17,2026,GROCERY,NORTHEAST,PLNT_DAL,3519,3302,3780,3704,3349,3571,3863,-0.0024,0.1278,Y,N,3425,0.0457
RF01003,SweetWave,Carbonated Soft Drinks,2026-05-01,18,2026,GROCERY,SOUTHEAST,PLNT_DAL,3260,3540,3011,3019,2822,3471,3684,-0.0809,0.1017,Y,N,3780,0.0457
RF01003,SweetWave,Carbonated Soft Drinks,2026-05-08,19,2026,ECOMM,SOUTHEAST,PLNT_DAL,3069,3384,3003,3141,3378,3426,3018,0.012,0.1516,Y,N,2932,0.0732
RF01004,CrunchBite,Carbonated Soft Drinks,2025-11-14,46,2025,CONV_STORE,NORTHEAST,PLNT_DAL,11119,12422,12020,12020,10882,10916,9499,-0.0239,0.0547,N,N,10346,-0.0616
RF01004,CrunchBite,Carbonated Soft Drinks,2025-11-21,47,2025,DRUG_STORE,SOUTHWEST,PLNT_DAL,10386,10262,9939,9991,9274,10416,9505,-0.0845,0.127,Y,N,9422,-0.0594
RF01004,CrunchBite,Carbonated Soft Drinks,2025-11-28,48,2025,GROCERY,NORTHEAST,PLNT_DAL,10479,9609,10451,10305,11594,10191,11886,0.1159,0.1405,N,N,10531,0.0707
RF01004,CrunchBite,Carbonated Soft Drinks,2025-12-05,49,2025,DRUG_STORE,NORTHEAST,PLNT_DAL,11906,12060,12492,12847,12280,12427,10211,0.041,0.2259,N,N,10332,-0.1116
RF01004,CrunchBite,Carbonated Soft Drinks,2025-12-12,50,2025,DRUG_STORE,MIDWEST,PLNT_DAL,11498,10949,11765,11251,11132,11296,8896,0.0498,0.1195,N,N,10097,0.1303
RF01004,CrunchBite,Carbonated Soft Drinks,2025-12-19,51,2025,CONV_STORE,SOUTHWEST,PLNT_DAL,12480,13824,12268,12415,12005,14027,14966,0.0625,0.152,N,N,10986,0.0295
RF01004,CrunchBite,Carbonated Soft Drinks,2025-12-26,52,2025,DRUG_STORE,WEST,PLNT_DAL,11327,12601,11019,11233,12168,10602,10093,0.2102,0.1328,N,N,13580,-0.0715
RF01004,CrunchBite,Carbonated Soft Drinks,2026-01-02,1,2026,MASS_MERCH,SOUTHWEST,PLNT_DAL,12805,11351,13852,14465,15729,16430,11378,0.1436,0.1816,N,N,11795,-0.1346
RF01004,CrunchBite,Carbonated Soft Drinks,2026-01-09,2,2026,ECOMM,SOUTHWEST,PLNT_DAL,12351,12123,12279,12216,12599,12497,15141,0.0663,0.1627,Y,N,13347,-0.0513
RF01004,CrunchBite,Carbonated Soft Drinks,2026-01-16,3,2026,CLUB,MIDWEST,PLNT_DAL,12853,14131,11919,11618,10726,12231,12181,-0.0793,0.067,N,N,14375,-0.0968
RF01004,CrunchBite,Carbonated Soft Drinks,2026-01-23,4,2026,CLUB,WEST,PLNT_DAL,12815,11959,13926,14006,13130,13476,13941,0.0425,0.0806,Y,N,12726,-0.1261
RF01004,CrunchBite,Carbonated Soft Drinks,2026-01-30,5,2026,CONV_STORE,MIDWEST,PLNT_DAL,12109,10905,13414,13722,13299,15341,14081,0.1928,0.1043,N,N,10012,0.0843
RF01004,CrunchBite,Carbonated Soft Drinks,2026-02-06,6,2026,MASS_MERCH,SOUTHEAST,PLNT_DAL,13807,12224,13610,13078,13263,13466,12102,0.0549,0.0602,N,N,12074,0.0996
RF01004,CrunchBite,Carbonated Soft Drinks,2026-02-13,7,2026,DRUG_STORE,SOUTHWEST,PLNT_DAL,12230,12926,13707,13637,12016,12295,12239,-0.047,0.0894,N,N,12410,-0.165
RF01004,CrunchBite,Carbonated Soft Drinks,2026-02-20,8,2026,CLUB,MIDWEST,PLNT_DAL,12314,11173,13147,13133,13595,13819,13935,0.0596,0.0531,N,N,13328,0.2294
RF01004,CrunchBite,Carbonated Soft Drinks,2026-02-27,9,2026,CONV_STORE,NORTHEAST,PLNT_DAL,12317,11089,11497,11057,10256,11980,11286,0.1256,0.0915,N,N,12984,0.0721
RF01004,CrunchBite,Carbonated Soft Drinks,2026-03-06,10,2026,MASS_MERCH,SOUTHEAST,PLNT_DAL,12199,13662,12671,12657,12173,12547,9852,-0.088,0.1147,Y,N,14462,0.0529
RF01004,CrunchBite,Carbonated Soft Drinks,2026-03-13,11,2026,DRUG_STORE,SOUTHEAST,PLNT_DAL,11619,12134,11664,12060,10872,10030,13909,0.0168,0.1074,N,N,11420,0.1329
RF01004,CrunchBite,Carbonated Soft Drinks,2026-03-20,12,2026,ECOMM,MIDWEST,PLNT_DAL,12376,12523,11488,11044,11275,12232,12731,-0.1162,0.0807,N,N,13136,0.0703
RF01004,CrunchBite,Carbonated Soft Drinks,2026-03-27,13,2026,GROCERY,SOUTHWEST,PLNT_DAL,12361,10973,11937,12369,13667,10694,14599,0.1831,0.1445,N,N,12906,0.2301
RF01004,CrunchBite,Carbonated Soft Drinks,2026-04-03,14,2026,ECOMM,MIDWEST,PLNT_DAL,11257,12026,12420,12799,13034,13398,10741,0.0683,0.1695,N,N,11321,0.0269
RF01004,CrunchBite,Carbonated Soft Drinks,2026-04-10,15,2026,GROCERY,MIDWEST,PLNT_DAL,13236,12078,14394,14266,15770,12385,17247,-0.0663,0.1202,N,N,14169,0.2292
RF01004,CrunchBite,Carbonated Soft Drinks,2026-04-17,16,2026,CLUB,NORTHEAST,PLNT_DAL,10931,10324,10969,10916,10749,12061,12206,0.0269,0.1674,N,N,12544,-0.0521
RF01004,CrunchBite,Carbonated Soft Drinks,2026-04-24,17,2026,GROCERY,WEST,PLNT_DAL,11984,13341,12687,12937,12722,15367,15358,-0.009,0.067,N,N,10213,0.0435
RF01004,CrunchBite,Carbonated Soft Drinks,2026-05-01,18,2026,CLUB,SOUTHWEST,PLNT_DAL,12443,13620,13569,12952,11452,15195,10798,-0.0928,0.0592,N,N,14480,0.1404
RF01004,CrunchBite,Carbonated Soft Drinks,2026-05-08,19,2026,CONV_STORE,MIDWEST,PLNT_DAL,11942,13015,13364,12820,11556,13749,14024,-0.0258,0.1997,N,N,11603,0.0938
RF01005,CrunchBite,Carbonated Soft Drinks,2025-11-14,46,2025,GROCERY,NORTHEAST,PLNT_DAL,2846,2595,2722,2770,2938,3131,3528,0.0206,0.0918,Y,N,3108,0.07
RF01005,CrunchBite,Carbonated Soft Drinks,2025-11-21,47,2025,MASS_MERCH,SOUTHEAST,PLNT_DAL,2825,3083,2639,2711,2433,2803,2910,0.0616,0.1487,Y,N,3299,0.1358
RF01005,CrunchBite,Carbonated Soft Drinks,2025-11-28,48,2025,GROCERY,WEST,PLNT_DAL,2610,2432,2934,2828,3025,2696,2764,-0.0376,0.1316,N,N,2715,-0.0476
RF01005,CrunchBite,Carbonated Soft Drinks,2025-12-05,49,2025,CONV_STORE,SOUTHEAST,PLNT_DAL,2790,3085,2529,2616,2654,2651,2998,-0.0444,0.1143,N,N,2784,0.0786
RF01005,CrunchBite,Carbonated Soft Drinks,2025-12-12,50,2025,CONV_STORE,MIDWEST,PLNT_DAL,3039,3107,3136,3285,3003,3768,3453,0.0812,0.0597,N,N,3367,0.1761
RF01005,CrunchBite,Carbonated Soft Drinks,2025-12-19,51,2025,DRUG_STORE,WEST,PLNT_DAL,3000,2828,2729,2609,2490,2845,3017,0.0231,0.066,N,N,2583,0.0962
RF01005,CrunchBite,Carbonated Soft Drinks,2025-12-26,52,2025,CONV_STORE,SOUTHWEST,PLNT_DAL,3050,3358,3487,3366,3475,3736,3683,0.0363,0.0878,N,N,2731,-0.041
RF01005,CrunchBite,Carbonated Soft Drinks,2026-01-02,1,2026,CLUB,SOUTHEAST,PLNT_DAL,3051,2769,3212,3069,2796,3342,3442,0.2018,0.1965,N,N,3320,0.2943
RF01005,CrunchBite,Carbonated Soft Drinks,2026-01-09,2,2026,GROCERY,MIDWEST,PLNT_DAL,3131,3342,3028,3145,3427,2903,2465,0.0561,0.1016,Y,N,2955,-0.113
RF01005,CrunchBite,Carbonated Soft Drinks,2026-01-16,3,2026,ECOMM,NORTHEAST,PLNT_DAL,2889,2797,2784,2673,2510,2708,2067,0.0203,0.1493,N,N,2484,-0.0282
RF01005,CrunchBite,Carbonated Soft Drinks,2026-01-23,4,2026,DRUG_STORE,SOUTHEAST,PLNT_DAL,3494,3538,3942,4036,3889,3947,4567,-0.0462,0.1168,N,N,4055,0.0879
RF01005,CrunchBite,Carbonated Soft Drinks,2026-01-30,5,2026,DRUG_STORE,MIDWEST,PLNT_DAL,3342,3728,3804,3640,3935,3414,2896,0.1505,0.0645,N,N,3662,0.0709
RF01005,CrunchBite,Carbonated Soft Drinks,2026-02-06,6,2026,CLUB,WEST,PLNT_DAL,3236,3602,3719,3821,4117,3489,2878,0.0966,0.0831,N,N,3724,0.0868
RF01005,CrunchBite,Carbonated Soft Drinks,2026-02-13,7,2026,GROCERY,SOUTHEAST,PLNT_DAL,3261,3384,3627,3709,3774,3377,3748,0.0187,0.31,N,N,3810,0.1901
RF01005,CrunchBite,Carbonated Soft Drinks,2026-02-20,8,2026,GROCERY,WEST,PLNT_DAL,3447,3613,3423,3585,3243,3121,4246,-0.0383,0.1893,N,N,3084,0.1104
RF01005,CrunchBite,Carbonated Soft Drinks,2026-02-27,9,2026,CONV_STORE,SOUTHWEST,PLNT_DAL,3271,3507,3516,3598,3420,3052,3085,0.0894,0.1349,Y,N,3226,-0.1163
RF01005,CrunchBite,Carbonated Soft Drinks,2026-03-06,10,2026,CONV_STORE,NORTHEAST,PLNT_DAL,3100,3445,2950,2893,2613,3260,2636,0.0749,0.0971,Y,N,2663,-0.1166
RF01005,CrunchBite,Carbonated Soft Drinks,2026-03-13,11,2026,MASS_MERCH,NORTHEAST,PLNT_DAL,3174,3094,2895,2836,3197,3246,2962,-0.1841,0.0945,Y,N,2693,0.0234
RF01005,CrunchBite,Carbonated Soft Drinks,2026-03-20,12,2026,CLUB,NORTHEAST,PLNT_DAL,3583,3344,3402,3368,3473,3093,3976,0.0727,0.1417,N,N,3050,0.046
RF01005,CrunchBite,Carbonated Soft Drinks,2026-03-27,13,2026,MASS_MERCH,WEST,PLNT_DAL,3564,3419,3245,3232,3208,3539,3273,-0.0645,0.0731,N,N,3243,0.1251
RF01005,CrunchBite,Carbonated Soft Drinks,2026-04-03,14,2026,DRUG_STORE,SOUTHWEST,PLNT_DAL,3167,3253,3338,3387,3757,3393,2697,0.0351,0.0736,N,N,2849,0.1239
RF01005,CrunchBite,Carbonated Soft Drinks,2026-04-10,15,2026,DRUG_STORE,WEST,PLNT_DAL,3477,3076,3461,3534,3827,3359,3709,0.0163,0.0993,Y,N,2822,0.1258
RF01005,CrunchBite,Carbonated Soft Drinks,2026-04-17,16,2026,ECOMM,SOUTHEAST,PLNT_DAL,3282,3525,3340,3292,3730,2824,3615,-0.0403,0.1086,N,N,3933,0.2597
RF01005,CrunchBite,Carbonated Soft Drinks,2026-04-24,17,2026,MASS_MERCH,SOUTHEAST,PLNT_DAL,3270,3503,3233,3342,3146,3144,3813,0.172,0.0693,N,N,3358,0.1645
RF01005,CrunchBite,Carbonated Soft Drinks,2026-05-01,18,2026,ECOMM,MIDWEST,PLNT_DAL,3455,3734,3809,3988,3691,3327,3109,0.1717,0.1103,N,N,3612,0.0256
RF01005,CrunchBite,Carbonated Soft Drinks,2026-05-08,19,2026,GROCERY,NORTHEAST,PLNT_DAL,3204,2955,3526,3655,3356,3975,3015,-0.0485,0.1762,N,N,3466,0.1342
RF01006,CrunchBite,Carbonated Soft Drinks,2025-11-14,46,2025,CLUB,SOUTHWEST,PLNT_LAX,14031,12806,13180,13771,14442,12203,17398,0.0602,0.0721,N,N,14530,-0.2187
RF01006,CrunchBite,Carbonated Soft Drinks,2025-11-21,47,2025,CLUB,WEST,PLNT_LAX,13989,14621,13035,13333,13090,15970,16820,0.0811,0.1998,N,N,12427,0.0729
RF01006,CrunchBite,Carbonated Soft Drinks,2025-11-28,48,2025,CONV_STORE,SOUTHEAST,PLNT_LAX,11854,10831,12877,12539,13108,14870,14864,-0.0552,0.0733,N,Y,10477,-0.13
RF01006,CrunchBite,Carbonated Soft Drinks,2025-12-05,49,2025,DRUG_STORE,SOUTHWEST,PLNT_LAX,13784,14733,14888,14215,16090,16434,14376,-0.0496,0.0655,Y,N,15791,0.1441
RF01006,CrunchBite,Carbonated Soft Drinks,2025-12-12,50,2025,CONV_STORE,NORTHEAST,PLNT_LAX,13477,12385,12377,12804,12328,15129,10106,-0.0791,0.148,N,N,15623,0.1421
RF01006,CrunchBite,Carbonated Soft Drinks,2025-12-19,51,2025,CLUB,SOUTHEAST,PLNT_LAX,15554,15978,15875,15130,15703,14902,11776,0.0793,0.0408,N,N,18201,0.3236
RF01006,CrunchBite,Carbonated Soft Drinks,2025-12-26,52,2025,ECOMM,SOUTHWEST,PLNT_LAX,13377,12726,12360,12227,11248,11702,11941,-0.0093,0.0956,N,N,10839,0.2099
RF01006,CrunchBite,Carbonated Soft Drinks,2026-01-02,1,2026,DRUG_STORE,SOUTHWEST,PLNT_LAX,15249,13718,16940,16615,16734,17797,13263,0.0784,0.0831,N,N,14918,0.019
RF01006,CrunchBite,Carbonated Soft Drinks,2026-01-09,2,2026,CLUB,NORTHEAST,PLNT_LAX,14950,13967,14458,13824,12473,13141,14335,0.1092,0.1987,N,N,16854,0.0107
RF01006,CrunchBite,Carbonated Soft Drinks,2026-01-16,3,2026,DRUG_STORE,MIDWEST,PLNT_LAX,14167,15414,14432,14982,13491,17424,16908,0.0685,0.0089,N,N,14848,0.0366
RF01006,CrunchBite,Carbonated Soft Drinks,2026-01-23,4,2026,MASS_MERCH,SOUTHEAST,PLNT_LAX,16429,15139,18829,19718,17570,16755,21927,0.1123,0.1532,Y,N,15244,0.2531
RF01006,CrunchBite,Carbonated Soft Drinks,2026-01-30,5,2026,CONV_STORE,WEST,PLNT_LAX,15135,13634,15726,15807,15793,18208,18444,-0.1237,0.0678,N,N,13005,-0.0619
RF01006,CrunchBite,Carbonated Soft Drinks,2026-02-06,6,2026,GROCERY,MIDWEST,PLNT_LAX,14105,15593,15956,16056,17750,18535,19512,-0.0508,0.1122,N,N,12255,0.2143
RF01006,CrunchBite,Carbonated Soft Drinks,2026-02-13,7,2026,CONV_STORE,SOUTHEAST,PLNT_LAX,14421,15046,14427,14276,12745,14284,12739,0.0836,0.0821,N,N,16398,0.1183
RF01006,CrunchBite,Carbonated Soft Drinks,2026-02-20,8,2026,CLUB,SOUTHWEST,PLNT_LAX,16385,18243,15680,15367,16615,14474,17460,-0.0745,0.0995,N,N,15776,0.0082
RF01006,CrunchBite,Carbonated Soft Drinks,2026-02-27,9,2026,GROCERY,MIDWEST,PLNT_LAX,14364,13929,13129,13511,14382,13150,15722,0.0294,0.0431,Y,N,12644,0.0163
RF01006,CrunchBite,Carbonated Soft Drinks,2026-03-06,10,2026,CONV_STORE,SOUTHWEST,PLNT_LAX,15669,13978,15513,15046,15216,15970,12272,0.0273,0.1769,N,N,17991,0.0621
RF01006,CrunchBite,Carbonated Soft Drinks,2026-03-13,11,2026,CLUB,NORTHEAST,PLNT_LAX,14641,13458,16450,16859,16085,16300,14099,-0.0185,0.0196,N,N,15681,-0.0962
RF01006,CrunchBite,Carbonated Soft Drinks,2026-03-20,12,2026,GROCERY,SOUTHWEST,PLNT_LAX,15179,13430,16622,17066,19062,18192,18236,0.1015,0.1657,N,N,18014,0.0449
RF01006,CrunchBite,Carbonated Soft Drinks,2026-03-27,13,2026,DRUG_STORE,MIDWEST,PLNT_LAX,14574,14141,14387,14030,14816,15899,13475,-0.0456,0.1775,N,N,13840,0.1261
RF01006,CrunchBite,Carbonated Soft Drinks,2026-04-03,14,2026,CONV_STORE,MIDWEST,PLNT_LAX,14288,13596,13245,12667,13984,11643,14274,-0.0676,0.1594,Y,N,16572,-0.0233
RF01006,CrunchBite,Carbonated Soft Drinks,2026-04-10,15,2026,CLUB,NORTHEAST,PLNT_LAX,15481,15852,16489,16787,17633,20128,14898,-0.1154,0.0681,Y,N,15927,0.0983
RF01006,CrunchBite,Carbonated Soft Drinks,2026-04-17,16,2026,CLUB,MIDWEST,PLNT_LAX,15299,14279,15813,16263,16456,18560,19443,0.1398,0.1471,Y,N,13822,-0.0131
RF01006,CrunchBite,Carbonated Soft Drinks,2026-04-24,17,2026,GROCERY,SOUTHEAST,PLNT_LAX,15137,13985,16195,15928,15487,17565,14538,-0.1067,0.1328,N,N,17263,-0.0646
RF01006,CrunchBite,Carbonated Soft Drinks,2026-05-01,18,2026,MASS_MERCH,WEST,PLNT_LAX,12547,12798,14254,13642,12429,14715,14062,0.0495,0.0163,Y,N,11757,0.1661
RF01006,CrunchBite,Carbonated Soft Drinks,2026-05-08,19,2026,MASS_MERCH,NORTHEAST,PLNT_LAX,16155,18041,15117,15664,15770,16600,13215,0.0064,0.1161,N,N,14013,0.0313
RF01007,CrunchBite,Carbonated Soft Drinks,2025-11-14,46,2025,DRUG_STORE,SOUTHWEST,PLNT_DAL,3914,4021,4142,4101,3613,4194,4663,-0.0142,0.2404,N,N,3159,-0.0381
RF01007,CrunchBite,Carbonated Soft Drinks,2025-11-21,47,2025,GROCERY,SOUTHWEST,PLNT_DAL,4420,4129,4947,4854,4906,4544,3808,0.0234,0.2601,N,N,4462,0.1228
RF01007,CrunchBite,Carbonated Soft Drinks,2025-11-28,48,2025,MASS_MERCH,SOUTHEAST,PLNT_DAL,3674,3351,4221,4216,4749,4928,4063,0.0693,0.1331,Y,N,3805,0.2316
RF01007,CrunchBite,Carbonated Soft Drinks,2025-12-05,49,2025,CONV_STORE,WEST,PLNT_DAL,4252,4405,3866,4011,4179,4194,3110,0.0868,0.2088,Y,N,4157,0.1834
RF01007,CrunchBite,Carbonated Soft Drinks,2025-12-12,50,2025,GROCERY,MIDWEST,PLNT_DAL,4343,4553,4131,4207,4162,3611,4315,0.0628,0.0532,N,N,4363,-0.09
RF01007,CrunchBite,Carbonated Soft Drinks,2025-12-19,51,2025,CONV_STORE,WEST,PLNT_DAL,4099,4379,4199,4244,4808,4057,4104,-0.024,0.1604,N,N,4067,0.1679
RF01007,CrunchBite,Carbonated Soft Drinks,2025-12-26,52,2025,DRUG_STORE,SOUTHEAST,PLNT_DAL,4330,3902,4016,4045,4558,4515,3194,0.0328,0.0985,N,N,5156,-0.2167
RF01007,CrunchBite,Carbonated Soft Drinks,2026-01-02,1,2026,CONV_STORE,MIDWEST,PLNT_DAL,4377,4705,4895,5067,5020,4378,6086,0.0455,0.1265,Y,N,4077,0.0294
RF01007,CrunchBite,Carbonated Soft Drinks,2026-01-09,2,2026,CONV_STORE,SOUTHEAST,PLNT_DAL,4971,4694,5384,5315,4834,5166,5272,-0.1026,0.1671,N,N,5738,-0.1176
RF01007,CrunchBite,Carbonated Soft Drinks,2026-01-16,3,2026,GROCERY,SOUTHWEST,PLNT_DAL,4557,4804,5219,5398,6029,5416,5676,0.057,0.0437,N,N,5217,0.1025
RF01007,CrunchBite,Carbonated Soft Drinks,2026-01-23,4,2026,DRUG_STORE,SOUTHWEST,PLNT_DAL,4845,5300,4945,4939,4405,4540,4526,-0.0683,0.0946,N,N,4970,-0.1333
RF01007,CrunchBite,Carbonated Soft Drinks,2026-01-30,5,2026,GROCERY,SOUTHWEST,PLNT_DAL,4959,4766,5111,5213,5484,4767,4865,0.0035,0.0936,N,N,5926,-0.0658
RF01007,CrunchBite,Carbonated Soft Drinks,2026-02-06,6,2026,MASS_MERCH,NORTHEAST,PLNT_DAL,4952,4544,5507,5700,6129,5368,5274,0.0586,0.1074,N,N,5580,0.1805
RF01007,CrunchBite,Carbonated Soft Drinks,2026-02-13,7,2026,CONV_STORE,NORTHEAST,PLNT_DAL,4863,4948,4483,4482,5086,4944,3403,0.0612,0.1067,N,N,5430,0.0585
RF01007,CrunchBite,Carbonated Soft Drinks,2026-02-20,8,2026,DRUG_STORE,MIDWEST,PLNT_DAL,4991,5458,5193,5273,5138,4432,4577,-0.0061,0.0462,N,N,5304,0.0834
RF01007,CrunchBite,Carbonated Soft Drinks,2026-02-27,9,2026,CLUB,MIDWEST,PLNT_DAL,4589,4874,4384,4314,4410,4150,3478,-0.0185,0.1757,N,N,4422,-0.0443
RF01007,CrunchBite,Carbonated Soft Drinks,2026-03-06,10,2026,MASS_MERCH,MIDWEST,PLNT_DAL,4608,4188,5128,4982,4523,4869,6183,0.0728,0.1618,N,N,4900,-0.0964
RF01007,CrunchBite,Carbonated Soft Drinks,2026-03-13,11,2026,DRUG_STORE,WEST,PLNT_DAL,4741,4739,4895,4674,4699,4735,5787,0.0083,0.1548,N,N,4527,0.1815
RF01007,CrunchBite,Carbonated Soft Drinks,2026-03-20,12,2026,CLUB,SOUTHEAST,PLNT_DAL,4128,4132,4112,4309,4098,5111,5448,-0.0778,0.0893,N,N,4538,0.0587
RF01007,CrunchBite,Carbonated Soft Drinks,2026-03-27,13,2026,CLUB,SOUTHEAST,PLNT_DAL,4428,4811,4773,4980,4642,5264,4501,0.1386,0.0695,N,N,5239,0.1881
RF01007,CrunchBite,Carbonated Soft Drinks,2026-04-03,14,2026,DRUG_STORE,WEST,PLNT_DAL,4105,3930,3812,3755,3861,4031,3647,0.017,0.1185,N,N,4611,-0.1903
RF01007,CrunchBite,Carbonated Soft Drinks,2026-04-10,15,2026,MASS_MERCH,MIDWEST,PLNT_DAL,4425,4048,4723,4581,4845,4011,3586,0.0174,0.1287,N,N,4341,-0.0392
RF01007,CrunchBite,Carbonated Soft Drinks,2026-04-17,16,2026,DRUG_STORE,SOUTHEAST,PLNT_DAL,4139,4200,3957,4015,4066,4508,4492,-0.06,0.1135,N,N,4615,0.0051
RF01007,CrunchBite,Carbonated Soft Drinks,2026-04-24,17,2026,DRUG_STORE,SOUTHEAST,PLNT_DAL,4117,3676,4470,4337,4844,4717,4741,-0.1709,0.1224,N,N,4881,-0.1109
RF01007,CrunchBite,Carbonated Soft Drinks,2026-05-01,18,2026,ECOMM,NORTHEAST,PLNT_DAL,4300,4488,4070,3937,3850,3869,4114,0.0681,0.1744,N,N,4660,0.1559
RF01007,CrunchBite,Carbonated Soft Drinks,2026-05-08,19,2026,ECOMM,MIDWEST,PLNT_DAL,4383,4196,4000,4172,4203,4328,3920,0.0582,0.1311,Y,N,3625,-0.0626
RF01008,CrunchBite,Carbonated Soft Drinks,2025-11-14,46,2025,CONV_STORE,MIDWEST,PLNT_DAL,9726,9374,10901,11079,10595,13085,11939,-0.0017,0.0439,N,N,8227,0.0642
RF01008,CrunchBite,Carbonated Soft Drinks,2025-11-21,47,2025,GROCERY,MIDWEST,PLNT_DAL,10271,10621,11602,11304,11068,12689,9157,0.0688,0.116,Y,N,11382,0.2324
RF01008,CrunchBite,Carbonated Soft Drinks,2025-11-28,48,2025,CONV_STORE,WEST,PLNT_DAL,9851,9819,9595,9740,8779,8341,12320,0.0114,0.1308,N,N,10361,-0.1065
RF01008,CrunchBite,Carbonated Soft Drinks,2025-12-05,49,2025,CLUB,SOUTHWEST,PLNT_DAL,11098,11992,10558,10905,11429,12836,12495,0.1384,0.1578,N,N,9119,0.1495
RF01008,CrunchBite,Carbonated Soft Drinks,2025-12-12,50,2025,DRUG_STORE,SOUTHWEST,PLNT_DAL,11223,11424,10739,10479,10938,10317,7953,-0.0783,0.0856,N,N,12372,-0.0916
RF01008,CrunchBite,Carbonated Soft Drinks,2025-12-19,51,2025,CLUB,MIDWEST,PLNT_DAL,10113,9075,11448,10997,11411,10193,13648,-0.0437,0.038,Y,N,8979,0.1912
RF01008,CrunchBite,Carbonated Soft Drinks,2025-12-26,52,2025,CONV_STORE,MIDWEST,PLNT_DAL,11157,12092,10864,11009,12428,9074,13360,-0.1228,0.1311,N,N,11369,0.0672
RF01008,CrunchBite,Carbonated Soft Drinks,2026-01-02,1,2026,CLUB,WEST,PLNT_DAL,11701,12378,12654,12289,11269,10936,13234,0.048,0.1195,N,N,9615,0.0992
RF01008,CrunchBite,Carbonated Soft Drinks,2026-01-09,2,2026,CLUB,NORTHEAST,PLNT_DAL,11360,11493,12054,11539,10906,10327,12204,-0.223,0.1738,N,N,10383,0.0062
RF01008,CrunchBite,Carbonated Soft Drinks,2026-01-16,3,2026,CLUB,WEST,PLNT_DAL,11833,11792,11621,11806,10857,12224,13908,0.0423,0.1552,N,N,12837,0.0213
RF01008,CrunchBite,Carbonated Soft Drinks,2026-01-23,4,2026,DRUG_STORE,SOUTHWEST,PLNT_DAL,11071,10697,11844,11644,11595,12976,11738,-0.0298,0.187,Y,N,12516,0.1492
RF01008,CrunchBite,Carbonated Soft Drinks,2026-01-30,5,2026,GROCERY,WEST,PLNT_DAL,11835,12498,12505,12789,13354,14436,13515,-0.0134,0.125,Y,N,13700,-0.0424
RF01008,CrunchBite,Carbonated Soft Drinks,2026-02-06,6,2026,ECOMM,MIDWEST,PLNT_DAL,10439,9558,10419,10826,9903,10938,8639,-0.0088,0.1143,Y,N,12451,0.0532
RF01008,CrunchBite,Carbonated Soft Drinks,2026-02-13,7,2026,ECOMM,SOUTHEAST,PLNT_DAL,10956,10010,10296,10364,11103,10402,9743,-0.1033,0.1335,Y,N,8952,0.1761
RF01008,CrunchBite,Carbonated Soft Drinks,2026-02-20,8,2026,GROCERY,NORTHEAST,PLNT_DAL,11836,11441,12042,11987,13604,11305,13461,0.1882,0.0081,N,N,12045,0.0098
RF01008,CrunchBite,Carbonated Soft Drinks,2026-02-27,9,2026,ECOMM,MIDWEST,PLNT_DAL,11842,11459,12592,13014,12725,15158,13322,0.1234,0.0473,N,N,12335,0.2327
RF01008,CrunchBite,Carbonated Soft Drinks,2026-03-06,10,2026,MASS_MERCH,SOUTHEAST,PLNT_DAL,10883,10009,10004,10147,9422,9717,11467,0.0195,0.152,N,N,10802,0.0988
RF01008,CrunchBite,Carbonated Soft Drinks,2026-03-13,11,2026,GROCERY,SOUTHEAST,PLNT_DAL,10694,9824,11852,11286,11614,9945,12230,0.0273,0.1958,Y,N,9325,0.0781
RF01008,CrunchBite,Carbonated Soft Drinks,2026-03-20,12,2026,CLUB,MIDWEST,PLNT_DAL,12029,12212,10882,11120,12524,10033,11914,-0.0081,0.0523,Y,N,10309,0.0646
RF01008,CrunchBite,Carbonated Soft Drinks,2026-03-27,13,2026,CLUB,MIDWEST,PLNT_DAL,9881,10173,10154,9816,10992,10274,7720,-0.0478,0.097,Y,N,11498,0.0843
RF01008,CrunchBite,Carbonated Soft Drinks,2026-04-03,14,2026,ECOMM,NORTHEAST,PLNT_DAL,10275,10535,9703,10092,11184,10313,11593,-0.1172,0.1934,N,N,8224,0.1373
RF01008,CrunchBite,Carbonated Soft Drinks,2026-04-10,15,2026,CLUB,WEST,PLNT_DAL,11682,11489,11742,12182,12078,14333,12249,-0.026,0.1265,N,N,13257,-0.0707
RF01008,CrunchBite,Carbonated Soft Drinks,2026-04-17,16,2026,GROCERY,MIDWEST,PLNT_DAL,9833,9253,10732,11172,11569,11469,9905,-0.0188,0.2189,Y,N,9910,0.0468
RF01008,CrunchBite,Carbonated Soft Drinks,2026-04-24,17,2026,DRUG_STORE,WEST,PLNT_DAL,9996,10725,10018,9623,9102,11017,9377,0.0584,0.088,N,N,9649,0.112
RF01008,CrunchBite,Carbonated Soft Drinks,2026-05-01,18,2026,CONV_STORE,WEST,PLNT_DAL,10347,10024,10747,10482,10162,11405,11949,-0.0698,0.174,N,N,11171,-0.0991
RF01008,CrunchBite,Carbonated Soft Drinks,2026-05-08,19,2026,CLUB,NORTHEAST,PLNT_DAL,10259,10014,10101,10152,9358,12045,7642,0.0673,0.1483,N,N,8470,0.0764
RF01010,NatureNosh,Carbonated Soft Drinks,2025-11-14,46,2025,CONV_STORE,WEST,PLNT_ATL,4656,5137,4656,4728,4231,5266,3985,-0.0613,0.1112,N,N,4689,0.0406
RF01010,NatureNosh,Carbonated Soft Drinks,2025-11-21,47,2025,CLUB,NORTHEAST,PLNT_ATL,5396,5409,5798,5864,5708,6268,7430,0.1517,0.1612,N,N,5191,0.09
RF01010,NatureNosh,Carbonated Soft Drinks,2025-11-28,48,2025,CLUB,WEST,PLNT_ATL,5289,5547,5975,6004,6711,5717,7568,0.0334,0.1064,Y,N,5447,0.2016
RF01010,NatureNosh,Carbonated Soft Drinks,2025-12-05,49,2025,GROCERY,WEST,PLNT_ATL,5329,4825,4892,4791,5407,5523,5658,0.1016,0.0377,N,N,5904,-0.0438
RF01010,NatureNosh,Carbonated Soft Drinks,2025-12-12,50,2025,GROCERY,SOUTHWEST,PLNT_ATL,5477,5422,5560,5608,5104,4742,6089,-0.1837,0.2101,Y,N,6474,0.0334
RF01010,NatureNosh,Carbonated Soft Drinks,2025-12-19,51,2025,CLUB,MIDWEST,PLNT_ATL,5462,5897,5254,5040,4534,5916,5052,0.0188,0.043,N,N,5862,0.2424
RF01010,NatureNosh,Carbonated Soft Drinks,2025-12-26,52,2025,MASS_MERCH,SOUTHEAST,PLNT_ATL,5934,5506,6431,6670,6221,6102,7189,-0.0304,0.1359,N,N,6321,0.0873
RF01010,NatureNosh,Carbonated Soft Drinks,2026-01-02,1,2026,ECOMM,MIDWEST,PLNT_ATL,5191,5242,4726,4717,4754,5634,5780,-0.0692,0.1673,N,N,4734,-0.0624
RF01010,NatureNosh,Carbonated Soft Drinks,2026-01-09,2,2026,ECOMM,NORTHEAST,PLNT_ATL,5785,5165,6362,6348,6415,6155,7070,0.1233,0.1948,N,N,6222,0.3327
RF01010,NatureNosh,Carbonated Soft Drinks,2026-01-16,3,2026,CONV_STORE,SOUTHEAST,PLNT_ATL,5996,6112,5884,5950,6084,5415,5948,0.0241,0.0766,N,N,6477,-0.0347
RF01010,NatureNosh,Carbonated Soft Drinks,2026-01-23,4,2026,ECOMM,SOUTHEAST,PLNT_ATL,5310,5029,5017,4831,5273,5284,5682,0.1329,0.0089,Y,N,5816,-0.0405
RF01010,NatureNosh,Carbonated Soft Drinks,2026-01-30,5,2026,CLUB,WEST,PLNT_ATL,5777,5668,5393,5605,5710,5268,5649,0.0219,0.1193,Y,N,4999,0.2773
RF01010,NatureNosh,Carbonated Soft Drinks,2026-02-06,6,2026,CONV_STORE,MIDWEST,PLNT_ATL,5906,6386,5457,5590,5442,5768,6592,0.0798,0.0855,N,N,6155,0.1426
RF01010,NatureNosh,Carbonated Soft Drinks,2026-02-13,7,2026,CONV_STORE,WEST,PLNT_ATL,5405,5454,6187,6053,6093,6657,7393,-0.0338,0.0838,N,N,4686,0.107
RF01010,NatureNosh,Carbonated Soft Drinks,2026-02-20,8,2026,GROCERY,NORTHEAST,PLNT_ATL,5977,6165,6233,6450,5947,5848,5920,-0.0479,0.1078,N,N,5845,0.1315
RF01010,NatureNosh,Carbonated Soft Drinks,2026-02-27,9,2026,MASS_MERCH,NORTHEAST,PLNT_ATL,6075,6201,6933,6873,6271,6248,6071,-0.0377,0.1162,Y,N,5092,-0.1596
RF01010,NatureNosh,Carbonated Soft Drinks,2026-03-06,10,2026,GROCERY,NORTHEAST,PLNT_ATL,6209,5544,6784,6800,6448,5977,7460,-0.015,0.1588,Y,N,6523,-0.0281
RF01010,NatureNosh,Carbonated Soft Drinks,2026-03-13,11,2026,CONV_STORE,SOUTHWEST,PLNT_ATL,6272,5562,6685,6925,6935,7970,8624,0.1322,0.0892,N,N,6499,0.0206
RF01010,NatureNosh,Carbonated Soft Drinks,2026-03-20,12,2026,ECOMM,MIDWEST,PLNT_ATL,5209,5680,5254,5327,5946,5343,4636,0.0559,0.1635,N,N,4189,0.0949
RF01010,NatureNosh,Carbonated Soft Drinks,2026-03-27,13,2026,CLUB,SOUTHWEST,PLNT_ATL,5143,4694,4997,5014,5646,5020,3784,0.0003,0.0747,Y,Y,4883,0.0823
RF01010,NatureNosh,Carbonated Soft Drinks,2026-04-03,14,2026,DRUG_STORE,SOUTHWEST,PLNT_ATL,5296,5162,4982,5100,4780,4335,5515,0.074,0.0129,N,N,4812,0.0176
RF01010,NatureNosh,Carbonated Soft Drinks,2026-04-10,15,2026,MASS_MERCH,MIDWEST,PLNT_ATL,5365,5067,5080,4860,4416,4826,4811,-0.0592,0.0986,N,N,6373,-0.093
RF01010,NatureNosh,Carbonated Soft Drinks,2026-04-17,16,2026,GROCERY,SOUTHEAST,PLNT_ATL,6502,6161,6055,6017,5436,4967,5205,0.0497,0.0276,N,N,7014,0.1412
RF01010,NatureNosh,Carbonated Soft Drinks,2026-04-24,17,2026,DRUG_STORE,NORTHEAST,PLNT_ATL,5635,5973,5277,5153,5262,4581,6310,0.0265,0.12,Y,N,6118,0.1576
RF01010,NatureNosh,Carbonated Soft Drinks,2026-05-01,18,2026,CLUB,NORTHEAST,PLNT_ATL,4699,4413,5397,5234,5315,6245,5237,0.1639,0.0983,N,N,3838,-0.0543
RF01010,NatureNosh,Carbonated Soft Drinks,2026-05-08,19,2026,GROCERY,SOUTHEAST,PLNT_ATL,5744,5403,6086,5902,6687,5368,5784,-0.0172,0.2262,N,N,5153,0.0602
RF01011,NatureNosh,Carbonated Soft Drinks,2025-11-14,46,2025,DRUG_STORE,NORTHEAST,PLNT_DAL,1645,1508,1797,1751,1853,1660,2213,-0.0938,0.1213,N,N,1668,-0.0022
RF01011,NatureNosh,Carbonated Soft Drinks,2025-11-21,47,2025,CONV_STORE,SOUTHWEST,PLNT_DAL,1854,1772,1927,1954,2092,1618,1856,0.0778,0.1127,Y,N,1897,-0.05
RF01011,NatureNosh,Carbonated Soft Drinks,2025-11-28,48,2025,DRUG_STORE,MIDWEST,PLNT_DAL,1648,1674,1707,1676,1852,1755,2021,-0.0046,0.1594,N,N,1675,0.1649
RF01011,NatureNosh,Carbonated Soft Drinks,2025-12-05,49,2025,ECOMM,MIDWEST,PLNT_DAL,1619,1621,1754,1821,1969,1658,2061,0.0594,0.0793,N,N,1617,-0.0852
RF01011,NatureNosh,Carbonated Soft Drinks,2025-12-12,50,2025,ECOMM,NORTHEAST,PLNT_DAL,1694,1621,1796,1726,1538,2030,1457,-0.015,0.148,Y,Y,1790,0.0511
RF01011,NatureNosh,Carbonated Soft Drinks,2025-12-19,51,2025,MASS_MERCH,WEST,PLNT_DAL,1777,1829,1861,1777,1895,1465,2200,0.0798,0.0431,N,N,1875,-0.1886
RF01011,NatureNosh,Carbonated Soft Drinks,2025-12-26,52,2025,GROCERY,WEST,PLNT_DAL,1787,1954,1975,2033,1929,1698,1600,0.1212,0.072,N,N,1947,0.3123
RF01011,NatureNosh,Carbonated Soft Drinks,2026-01-02,1,2026,MASS_MERCH,WEST,PLNT_DAL,1866,1877,1795,1817,1952,1776,1464,0.0098,0.0836,N,N,2151,-0.0464
RF01011,NatureNosh,Carbonated Soft Drinks,2026-01-09,2,2026,ECOMM,SOUTHWEST,PLNT_DAL,2006,1958,1974,1906,2139,2216,1985,0.0637,0.2358,N,N,2267,0.0354
RF01011,NatureNosh,Carbonated Soft Drinks,2026-01-16,3,2026,CLUB,MIDWEST,PLNT_DAL,1953,1974,1940,1949,1897,1933,2453,0.0732,0.1359,N,Y,1667,0.04
RF01011,NatureNosh,Carbonated Soft Drinks,2026-01-23,4,2026,CLUB,MIDWEST,PLNT_DAL,2024,2259,1930,1894,2119,1921,1993,0.0142,0.096,N,N,1833,0.0168
RF01011,NatureNosh,Carbonated Soft Drinks,2026-01-30,5,2026,ECOMM,SOUTHEAST,PLNT_DAL,2100,1977,2047,2061,2207,2256,2411,-0.0188,0.1722,N,N,2442,0.2385
RF01011,NatureNosh,Carbonated Soft Drinks,2026-02-06,6,2026,GROCERY,MIDWEST,PLNT_DAL,1962,2070,2048,1961,1903,2216,1903,-0.0181,0.2017,Y,N,2042,-0.1389
RF01011,NatureNosh,Carbonated Soft Drinks,2026-02-13,7,2026,ECOMM,WEST,PLNT_DAL,2262,2198,2208,2106,1935,2128,1825,0.03,0.2124,N,N,2348,0.1007
RF01011,NatureNosh,Carbonated Soft Drinks,2026-02-20,8,2026,GROCERY,SOUTHWEST,PLNT_DAL,1980,1880,1977,1904,1958,1596,1830,0.0183,0.1809,N,N,1690,0.1122
RF01011,NatureNosh,Carbonated Soft Drinks,2026-02-27,9,2026,CLUB,WEST,PLNT_DAL,1940,2010,1841,1862,1757,1577,2163,-0.0137,0.0594,Y,N,1880,0.284
RF01011,NatureNosh,Carbonated Soft Drinks,2026-03-06,10,2026,CONV_STORE,WEST,PLNT_DAL,2009,2054,1820,1784,1951,2007,1927,0.0774,0.0069,Y,N,1732,0.1396
RF01011,NatureNosh,Carbonated Soft Drinks,2026-03-13,11,2026,MASS_MERCH,MIDWEST,PLNT_DAL,2060,2178,1979,2002,1768,2169,1619,-0.0136,0.1078,Y,N,1815,0.0479
RF01011,NatureNosh,Carbonated Soft Drinks,2026-03-20,12,2026,CLUB,NORTHEAST,PLNT_DAL,1970,1961,2132,2055,2009,2392,2115,0.011,0.1193,Y,N,1789,0.0822
RF01011,NatureNosh,Carbonated Soft Drinks,2026-03-27,13,2026,CLUB,MIDWEST,PLNT_DAL,1772,1587,1887,1917,2117,1585,2319,0.0621,0.0943,N,N,1488,-0.0302
RF01011,NatureNosh,Carbonated Soft Drinks,2026-04-03,14,2026,DRUG_STORE,WEST,PLNT_DAL,1945,1959,1841,1841,2063,1524,1622,0.1672,0.0669,N,N,1825,0.0201
RF01011,NatureNosh,Carbonated Soft Drinks,2026-04-10,15,2026,GROCERY,MIDWEST,PLNT_DAL,1926,1804,2204,2204,2443,2553,2604,0.1099,0.195,N,N,2231,0.0681
RF01011,NatureNosh,Carbonated Soft Drinks,2026-04-17,16,2026,CLUB,SOUTHEAST,PLNT_DAL,1981,1924,2258,2283,2256,2369,2228,-0.0086,0.0887,N,N,2101,0.1912
RF01011,NatureNosh,Carbonated Soft Drinks,2026-04-24,17,2026,ECOMM,SOUTHEAST,PLNT_DAL,1833,1702,1712,1744,1729,2032,2019,-0.0392,0.077,Y,N,1857,-0.0887
RF01011,NatureNosh,Carbonated Soft Drinks,2026-05-01,18,2026,CONV_STORE,SOUTHWEST,PLNT_DAL,1956,2115,1831,1744,1970,1631,1997,-0.0301,0.1572,N,N,1711,-0.1138
RF01011,NatureNosh,Carbonated Soft Drinks,2026-05-08,19,2026,ECOMM,SOUTHEAST,PLNT_DAL,1968,2197,2074,2095,2168,1901,1600,0.0336,0.2116,Y,N,1943,0.14
RF01012,NatureNosh,Carbonated Soft Drinks,2025-11-14,46,2025,GROCERY,MIDWEST,PLNT_CHI,13795,12594,13082,12470,14054,11279,13789,-0.0545,0.1319,Y,N,13459,0.1176
RF01012,NatureNosh,Carbonated Soft Drinks,2025-11-21,47,2025,GROCERY,WEST,PLNT_CHI,12347,13433,13852,13751,14729,13263,12593,-0.0619,0.0444,N,N,14202,-0.0874
RF01012,NatureNosh,Carbonated Soft Drinks,2025-11-28,48,2025,MASS_MERCH,WEST,PLNT_CHI,13861,13700,15340,14638,14928,17475,11283,-0.0744,0.0424,N,N,13525,0.1728
RF01012,NatureNosh,Carbonated Soft Drinks,2025-12-05,49,2025,GROCERY,WEST,PLNT_CHI,15002,14231,14126,13835,15425,13781,15113,-0.0716,0.1796,Y,N,17368,0.1161
RF01012,NatureNosh,Carbonated Soft Drinks,2025-12-12,50,2025,CLUB,SOUTHEAST,PLNT_CHI,13155,12597,11921,11865,13163,10135,10936,-0.003,0.0637,Y,N,11003,-0.1121
RF01012,NatureNosh,Carbonated Soft Drinks,2025-12-19,51,2025,ECOMM,WEST,PLNT_CHI,13876,12494,14941,15279,17218,14727,14541,-0.0892,0.1352,N,N,11933,-0.223
RF01012,NatureNosh,Carbonated Soft Drinks,2025-12-26,52,2025,DRUG_STORE,MIDWEST,PLNT_CHI,14803,15556,14875,14591,15216,12616,11960,-0.0169,0.1445,N,N,16907,0.2002
RF01012,NatureNosh,Carbonated Soft Drinks,2026-01-02,1,2026,DRUG_STORE,SOUTHWEST,PLNT_CHI,14485,15815,13897,14020,13832,11919,14974,0.0177,0.1225,N,N,16369,0.191
RF01012,NatureNosh,Carbonated Soft Drinks,2026-01-09,2,2026,CLUB,WEST,PLNT_CHI,15223,15783,13840,14329,15731,13374,17736,0.0337,0.1794,Y,N,15899,0.0778
RF01012,NatureNosh,Carbonated Soft Drinks,2026-01-16,3,2026,ECOMM,MIDWEST,PLNT_CHI,14415,15408,13612,13551,15206,11591,12312,-0.0804,0.0803,Y,N,14706,0.1261
RF01012,NatureNosh,Carbonated Soft Drinks,2026-01-23,4,2026,ECOMM,SOUTHEAST,PLNT_CHI,14832,15524,14366,14404,15281,15161,11637,0.0615,0.1093,N,N,15951,-0.1276
RF01012,NatureNosh,Carbonated Soft Drinks,2026-01-30,5,2026,ECOMM,WEST,PLNT_CHI,17498,16604,18411,18073,20579,17250,14797,-0.0745,0.0529,N,N,15257,-0.0157
RF01012,NatureNosh,Carbonated Soft Drinks,2026-02-06,6,2026,CLUB,NORTHEAST,PLNT_CHI,13993,15602,12599,11999,12859,10784,12912,-0.0597,0.1043,N,N,12382,0.0587
RF01012,NatureNosh,Carbonated Soft Drinks,2026-02-13,7,2026,ECOMM,MIDWEST,PLNT_CHI,14248,13408,13064,12803,13819,11052,11863,-0.0746,0.0582,N,N,12504,0.1346
RF01012,NatureNosh,Carbonated Soft Drinks,2026-02-20,8,2026,MASS_MERCH,SOUTHWEST,PLNT_CHI,16184,16102,16485,15719,14467,15640,18997,-0.1363,0.1731,N,N,13309,-0.0413
RF01012,NatureNosh,Carbonated Soft Drinks,2026-02-27,9,2026,ECOMM,MIDWEST,PLNT_CHI,13955,14551,14496,13798,15010,15970,12934,0.0064,0.1678,Y,N,14661,0.0215
RF01012,NatureNosh,Carbonated Soft Drinks,2026-03-06,10,2026,CONV_STORE,MIDWEST,PLNT_CHI,15736,15318,16503,17104,18208,15789,13614,-0.067,0.1614,N,N,15893,-0.0407
RF01012,NatureNosh,Carbonated Soft Drinks,2026-03-13,11,2026,ECOMM,NORTHEAST,PLNT_CHI,15418,13706,14655,14057,15290,16360,11690,0.089,0.083,N,N,14353,0.1564
RF01012,NatureNosh,Carbonated Soft Drinks,2026-03-20,12,2026,MASS_MERCH,NORTHEAST,PLNT_CHI,14977,16710,15411,16170,16160,17644,16604,-0.0161,0.2592,N,N,12503,0.0472
RF01012,NatureNosh,Carbonated Soft Drinks,2026-03-27,13,2026,ECOMM,MIDWEST,PLNT_CHI,14540,14611,15481,15190,15890,13667,13007,0.0251,0.1032,N,N,13217,0.184
RF01012,NatureNosh,Carbonated Soft Drinks,2026-04-03,14,2026,ECOMM,MIDWEST,PLNT_CHI,14932,16574,15527,14909,15249,13761,18635,0.053,0.1461,Y,N,17274,-0.1078
RF01012,NatureNosh,Carbonated Soft Drinks,2026-04-10,15,2026,DRUG_STORE,NORTHEAST,PLNT_CHI,14250,12639,16042,15320,13824,14843,17211,0.0135,0.1856,N,N,13427,-0.0667
RF01012,NatureNosh,Carbonated Soft Drinks,2026-04-17,16,2026,DRUG_STORE,WEST,PLNT_CHI,14071,14943,15510,14856,13582,16770,18383,0.0662,0.0551,N,N,13876,0.0662
RF01012,NatureNosh,Carbonated Soft Drinks,2026-04-24,17,2026,DRUG_STORE,SOUTHEAST,PLNT_CHI,14271,15507,15044,15665,16634,16804,18297,0.0766,0.1687,Y,N,13422,-0.0488
RF01012,NatureNosh,Carbonated Soft Drinks,2026-05-01,18,2026,GROCERY,SOUTHWEST,PLNT_CHI,13467,14333,14155,13627,14888,15299,12573,0.0318,0.0572,N,N,13000,-0.1317
RF01012,NatureNosh,Carbonated Soft Drinks,2026-05-08,19,2026,CLUB,WEST,PLNT_CHI,12982,14458,12929,12723,12622,15171,13367,-0.0494,0.0694,Y,N,14224,0.1946
RF01013,RefreshCo,Carbonated Soft Drinks,2025-11-14,46,2025,CONV_STORE,SOUTHWEST,PLNT_DAL,12565,12038,11615,11551,10373,9949,13646,0.0909,0.1278,N,N,10507,-0.0761
RF01013,RefreshCo,Carbonated Soft Drinks,2025-11-21,47,2025,MASS_MERCH,SOUTHEAST,PLNT_DAL,12730,13962,13481,12807,12778,11920,13783,-0.1325,0.0815,N,N,14228,0.0665
RF01013,RefreshCo,Carbonated Soft Drinks,2025-11-28,48,2025,GROCERY,WEST,PLNT_DAL,11544,12753,12461,12978,11448,15506,12513,-0.1419,0.1548,N,N,9480,0.112
RF01013,RefreshCo,Carbonated Soft Drinks,2025-12-05,49,2025,MASS_MERCH,SOUTHWEST,PLNT_DAL,12183,11771,13587,14083,14964,13658,12936,-0.122,0.0764,N,N,12060,0.119
RF01013,RefreshCo,Carbonated Soft Drinks,2025-12-12,50,2025,CLUB,SOUTHEAST,PLNT_DAL,13213,14559,14666,14158,12953,11995,10736,0.093,0.1076,N,N,11017,-0.0963
RF01013,RefreshCo,Carbonated Soft Drinks,2025-12-19,51,2025,DRUG_STORE,WEST,PLNT_DAL,12658,12524,13888,14033,13005,14223,14630,-0.0447,0.0665,Y,N,13052,0.0747
RF01013,RefreshCo,Carbonated Soft Drinks,2025-12-26,52,2025,CONV_STORE,NORTHEAST,PLNT_DAL,13802,13807,13839,13902,15769,14401,15620,-0.0283,0.1721,N,N,15078,0.1298
RF01013,RefreshCo,Carbonated Soft Drinks,2026-01-02,1,2026,ECOMM,NORTHEAST,PLNT_DAL,16046,17119,16306,15618,14739,16549,17207,-0.0036,0.0755,N,N,16771,-0.1189
RF01013,RefreshCo,Carbonated Soft Drinks,2026-01-09,2,2026,ECOMM,MIDWEST,PLNT_DAL,14788,13051,14987,15595,15430,18480,18293,-0.0364,0.1161,N,N,16130,0.0712
RF01013,RefreshCo,Carbonated Soft Drinks,2026-01-16,3,2026,CONV_STORE,WEST,PLNT_DAL,13913,13823,13109,12521,11107,12573,10232,0.0089,0.213,N,N,12662,0.1375
RF01013,RefreshCo,Carbonated Soft Drinks,2026-01-23,4,2026,CLUB,SOUTHWEST,PLNT_DAL,14325,14681,16151,16536,16141,14661,19260,0.1515,0.1233,N,Y,17098,0.1155
RF01013,RefreshCo,Carbonated Soft Drinks,2026-01-30,5,2026,DRUG_STORE,SOUTHWEST,PLNT_DAL,15642,16849,17353,17791,16756,17564,19355,-0.0019,0.1438,N,N,17240,0.2295
RF01013,RefreshCo,Carbonated Soft Drinks,2026-02-06,6,2026,ECOMM,SOUTHEAST,PLNT_DAL,15094,14727,14721,15083,14762,16412,15106,0.0523,0.1942,Y,N,14784,0.2318
RF01013,RefreshCo,Carbonated Soft Drinks,2026-02-13,7,2026,CLUB,MIDWEST,PLNT_DAL,13954,14566,12701,13231,14932,13020,16360,-0.1641,0.1541,N,N,14815,-0.0442
RF01013,RefreshCo,Carbonated Soft Drinks,2026-02-20,8,2026,MASS_MERCH,WEST,PLNT_DAL,13879,14708,15038,15171,14681,16419,12824,0.1071,0.0343,N,Y,11645,-0.0129
RF01013,RefreshCo,Carbonated Soft Drinks,2026-02-27,9,2026,GROCERY,WEST,PLNT_DAL,15759,14697,15299,14829,13404,17448,16282,0.0728,0.1952,N,N,13363,-0.2128
RF01013,RefreshCo,Carbonated Soft Drinks,2026-03-06,10,2026,MASS_MERCH,NORTHEAST,PLNT_DAL,15380,15957,17302,17416,18476,15957,17372,-0.0131,0.1988,N,N,14930,-0.0268
RF01013,RefreshCo,Carbonated Soft Drinks,2026-03-13,11,2026,GROCERY,SOUTHWEST,PLNT_DAL,16296,15605,15326,14673,14394,17585,13012,-0.0582,0.1344,Y,N,14344,-0.0293
RF01013,RefreshCo,Carbonated Soft Drinks,2026-03-20,12,2026,ECOMM,NORTHEAST,PLNT_DAL,14237,12899,14737,14635,16351,15979,11777,0.092,0.19,N,N,16495,0.1091
RF01013,RefreshCo,Carbonated Soft Drinks,2026-03-27,13,2026,CLUB,MIDWEST,PLNT_DAL,15835,17480,16882,16487,18386,17119,16868,0.1121,0.1848,N,N,17614,-0.0114
RF01013,RefreshCo,Carbonated Soft Drinks,2026-04-03,14,2026,DRUG_STORE,NORTHEAST,PLNT_DAL,15330,13502,17453,18007,18501,21163,16930,-0.0773,0.0948,N,N,12819,-0.0704
RF01013,RefreshCo,Carbonated Soft Drinks,2026-04-10,15,2026,CLUB,SOUTHEAST,PLNT_DAL,13019,11708,13213,13565,12560,11326,12935,-0.024,0.1535,N,N,12286,0.2126
RF01013,RefreshCo,Carbonated Soft Drinks,2026-04-17,16,2026,CLUB,WEST,PLNT_DAL,15971,16873,14932,14473,13633,14005,16935,0.0776,0.0762,N,N,18951,-0.0707
RF01013,RefreshCo,Carbonated Soft Drinks,2026-04-24,17,2026,MASS_MERCH,WEST,PLNT_DAL,15626,15017,16880,16720,16706,18018,20287,0.0275,0.1668,N,Y,13385,0.1671
RF01013,RefreshCo,Carbonated Soft Drinks,2026-05-01,18,2026,MASS_MERCH,NORTHEAST,PLNT_DAL,14260,15690,12997,13258,12260,11123,12103,-0.0543,0.138,Y,N,16072,-0.0875
RF01013,RefreshCo,Carbonated Soft Drinks,2026-05-08,19,2026,DRUG_STORE,MIDWEST,PLNT_DAL,15423,16530,14731,15179,16560,18112,16841,0.0781,0.0464,N,N,17498,0.3325
RF01014,CrunchBite,Carbonated Soft Drinks,2025-11-14,46,2025,CLUB,MIDWEST,PLNT_ATL,4678,4252,4375,4337,4440,4279,5380,-0.0199,0.1466,N,N,5197,0.0539
RF01014,CrunchBite,Carbonated Soft Drinks,2025-11-21,47,2025,CLUB,WEST,PLNT_ATL,5449,4803,5148,4936,5481,4828,5814,0.0291,0.133,Y,N,5499,-0.1424
RF01014,CrunchBite,Carbonated Soft Drinks,2025-11-28,48,2025,DRUG_STORE,WEST,PLNT_ATL,4482,4600,4075,3944,4445,4174,4593,0.1191,0.1167,Y,N,4536,0.0494
RF01014,CrunchBite,Carbonated Soft Drinks,2025-12-05,49,2025,CLUB,SOUTHEAST,PLNT_ATL,5557,5905,5751,5589,5320,4994,6551,0.0629,0.0575,N,N,5935,-0.2499
RF01014,CrunchBite,Carbonated Soft Drinks,2025-12-12,50,2025,DRUG_STORE,NORTHEAST,PLNT_ATL,5879,5575,5929,5830,5288,4896,6032,0.0508,0.128,N,N,5256,0.0644
RF01014,CrunchBite,Carbonated Soft Drinks,2025-12-19,51,2025,MASS_MERCH,NORTHEAST,PLNT_ATL,5089,4990,5530,5750,5547,4929,6560,0.0558,0.1598,Y,N,5057,-0.0449
RF01014,CrunchBite,Carbonated Soft Drinks,2025-12-26,52,2025,MASS_MERCH,SOUTHWEST,PLNT_ATL,5769,6361,5848,5782,6170,6129,7326,-0.0084,0.1293,N,N,4930,0.0998
RF01014,CrunchBite,Carbonated Soft Drinks,2026-01-02,1,2026,ECOMM,SOUTHEAST,PLNT_ATL,5948,5478,5864,6090,6609,6470,6541,-0.0512,0.1967,N,N,6797,0.3186
RF01014,CrunchBite,Carbonated Soft Drinks,2026-01-09,2,2026,CLUB,SOUTHWEST,PLNT_ATL,4686,4788,5197,5082,5444,4643,4693,0.0379,0.0089,N,N,4824,-0.0812
RF01014,CrunchBite,Carbonated Soft Drinks,2026-01-16,3,2026,GROCERY,SOUTHWEST,PLNT_ATL,6864,6106,6985,7172,7301,7187,8412,0.0271,0.1485,Y,N,5525,-0.0787
RF01014,CrunchBite,Carbonated Soft Drinks,2026-01-23,4,2026,GROCERY,NORTHEAST,PLNT_ATL,5885,5366,5731,5815,5842,5441,6528,-0.1745,0.1824,Y,N,6524,-0.115
RF01014,CrunchBite,Carbonated Soft Drinks,2026-01-30,5,2026,CLUB,NORTHEAST,PLNT_ATL,6297,6735,6250,6227,6872,5273,7618,-0.038,0.1123,N,N,7420,0.0668
RF01014,CrunchBite,Carbonated Soft Drinks,2026-02-06,6,2026,CLUB,NORTHEAST,PLNT_ATL,5521,5902,5080,5273,5345,6147,4971,-0.0175,0.1759,N,Y,5226,0.0775
RF01014,CrunchBite,Carbonated Soft Drinks,2026-02-13,7,2026,CONV_STORE,SOUTHEAST,PLNT_ATL,5840,5925,6385,6154,6278,6564,7020,-0.0803,0.1217,N,N,6449,-0.2029
RF01014,CrunchBite,Carbonated Soft Drinks,2026-02-20,8,2026,CONV_STORE,MIDWEST,PLNT_ATL,5885,5890,5918,5654,5640,5713,6726,0.1744,0.0474,N,N,5771,0.0676
RF01014,CrunchBite,Carbonated Soft Drinks,2026-02-27,9,2026,MASS_MERCH,SOUTHWEST,PLNT_ATL,5881,6153,6730,6987,6307,6766,5902,0.1082,0.1432,Y,N,5052,0.0275
RF01014,CrunchBite,Carbonated Soft Drinks,2026-03-06,10,2026,CLUB,WEST,PLNT_ATL,6383,7075,5780,5731,6431,5731,5574,0.0638,0.119,Y,Y,7154,0.0151
RF01014,CrunchBite,Carbonated Soft Drinks,2026-03-13,11,2026,CONV_STORE,SOUTHWEST,PLNT_ATL,6466,6211,6754,6859,7094,7440,8204,-0.0634,0.0719,Y,N,5616,0.0745
RF01014,CrunchBite,Carbonated Soft Drinks,2026-03-20,12,2026,CONV_STORE,MIDWEST,PLNT_ATL,6228,6931,6803,6495,6485,5736,8052,0.1119,0.1083,N,N,6708,-0.0555
RF01014,CrunchBite,Carbonated Soft Drinks,2026-03-27,13,2026,MASS_MERCH,SOUTHWEST,PLNT_ATL,6142,5755,5590,5487,5200,4884,5751,-0.02,0.1711,N,N,6239,0.0627
RF01014,CrunchBite,Carbonated Soft Drinks,2026-04-03,14,2026,MASS_MERCH,SOUTHWEST,PLNT_ATL,6373,7016,6380,6379,7152,5609,8064,0.0778,0.0516,N,N,7382,-0.0008
RF01014,CrunchBite,Carbonated Soft Drinks,2026-04-10,15,2026,CLUB,SOUTHWEST,PLNT_ATL,6757,7558,7207,7422,7184,6402,7450,-0.0054,0.2075,Y,Y,7074,0.085
RF01014,CrunchBite,Carbonated Soft Drinks,2026-04-17,16,2026,ECOMM,SOUTHEAST,PLNT_ATL,6216,5956,6539,6339,6865,7045,5411,0.0939,0.221,N,N,7399,0.1571
RF01014,CrunchBite,Carbonated Soft Drinks,2026-04-24,17,2026,CLUB,MIDWEST,PLNT_ATL,5800,5943,5961,5696,5601,6220,5562,0.0772,0.1129,N,N,5673,0.0523
RF01014,CrunchBite,Carbonated Soft Drinks,2026-05-01,18,2026,DRUG_STORE,MIDWEST,PLNT_ATL,5845,6389,6344,6290,5803,6897,7710,-0.0009,0.1117,N,N,5011,-0.083
RF01014,CrunchBite,Carbonated Soft Drinks,2026-05-08,19,2026,ECOMM,SOUTHWEST,PLNT_ATL,5679,5713,5587,5829,5263,5686,7196,0.2456,0.0543,N,N,4854,0.1182
RF01015,RefreshCo,Energy Drinks,2025-11-14,46,2025,DRUG_STORE,WEST,PLNT_CHI,4336,4671,4229,4265,4573,3861,4987,0.1101,0.1488,N,N,3684,0.1235
RF01015,RefreshCo,Energy Drinks,2025-11-21,47,2025,GROCERY,NORTHEAST,PLNT_CHI,4406,4066,4964,5035,5431,5072,6366,-0.0369,0.0738,N,N,3979,-0.0262
RF01015,RefreshCo,Energy Drinks,2025-11-28,48,2025,GROCERY,MIDWEST,PLNT_CHI,4319,4648,4290,4389,4048,3696,4035,-0.1791,0.1434,Y,N,4179,-0.0048
RF01015,RefreshCo,Energy Drinks,2025-12-05,49,2025,ECOMM,SOUTHEAST,PLNT_CHI,5001,4748,5163,5388,5815,4793,4310,-0.0194,0.1212,N,N,5371,-0.1103
RF01015,RefreshCo,Energy Drinks,2025-12-12,50,2025,MASS_MERCH,NORTHEAST,PLNT_CHI,4716,4929,4357,4391,4020,4070,5105,0.1355,0.005,Y,N,4722,0.182
RF01015,RefreshCo,Energy Drinks,2025-12-19,51,2025,ECOMM,WEST,PLNT_CHI,5237,5310,5616,5870,6237,6603,5700,-0.1041,0.1458,Y,Y,4919,0.0099
RF01015,RefreshCo,Energy Drinks,2025-12-26,52,2025,CONV_STORE,SOUTHEAST,PLNT_CHI,5009,4939,5744,5757,6128,4783,6803,-0.0208,0.1404,Y,N,4258,0.273
RF01015,RefreshCo,Energy Drinks,2026-01-02,1,2026,DRUG_STORE,SOUTHWEST,PLNT_CHI,5252,5492,5756,5512,4911,4745,6450,0.0436,0.0991,Y,N,4340,0.0365
RF01015,RefreshCo,Energy Drinks,2026-01-09,2,2026,MASS_MERCH,SOUTHEAST,PLNT_CHI,5002,5340,5652,5485,5783,4558,4536,-0.0965,0.1188,N,N,5712,-0.0567
RF01015,RefreshCo,Energy Drinks,2026-01-16,3,2026,GROCERY,WEST,PLNT_CHI,5422,5428,4972,5130,4803,4580,4613,-0.0882,0.1807,N,N,4801,-0.0463
RF01015,RefreshCo,Energy Drinks,2026-01-23,4,2026,GROCERY,SOUTHEAST,PLNT_CHI,4935,4776,5168,5136,5634,6126,5006,0.0167,0.0589,N,N,4867,0.029
RF01015,RefreshCo,Energy Drinks,2026-01-30,5,2026,GROCERY,MIDWEST,PLNT_CHI,5128,4957,4984,5094,5136,4921,5054,0.0084,0.1121,N,N,4937,-0.1422
RF01015,RefreshCo,Energy Drinks,2026-02-06,6,2026,CLUB,MIDWEST,PLNT_CHI,5869,6371,6594,6793,6294,8148,6864,0.012,0.1709,N,N,5031,0.1191
RF01015,RefreshCo,Energy Drinks,2026-02-13,7,2026,GROCERY,MIDWEST,PLNT_CHI,5262,4759,5953,6237,7069,5916,6644,0.0825,0.1507,N,N,4795,0.0364
RF01015,RefreshCo,Energy Drinks,2026-02-20,8,2026,DRUG_STORE,MIDWEST,PLNT_CHI,5544,5241,6083,6170,6192,6473,5950,-0.0829,0.0717,N,N,4991,0.0494
RF01015,RefreshCo,Energy Drinks,2026-02-27,9,2026,GROCERY,SOUTHWEST,PLNT_CHI,5235,4775,4841,4624,4884,5499,4405,0.0219,0.1051,N,N,4348,-0.0224
RF01015,RefreshCo,Energy Drinks,2026-03-06,10,2026,DRUG_STORE,WEST,PLNT_CHI,5695,6095,5413,5500,5214,5228,6630,-0.1167,0.0218,Y,N,6640,-0.0456
RF01015,RefreshCo,Energy Drinks,2026-03-13,11,2026,ECOMM,MIDWEST,PLNT_CHI,5503,5339,5585,5324,5909,4697,5208,0.0664,0.0972,N,N,5482,0.1501
RF01015,RefreshCo,Energy Drinks,2026-03-20,12,2026,GROCERY,SOUTHWEST,PLNT_CHI,5344,5305,5560,5368,5091,5607,5100,-0.013,0.0744,N,N,5537,-0.1432
RF01015,RefreshCo,Energy Drinks,2026-03-27,13,2026,CLUB,MIDWEST,PLNT_CHI,5903,6341,6174,6337,6203,6227,8084,0.0751,0.1026,Y,N,5459,0.0615
RF01015,RefreshCo,Energy Drinks,2026-04-03,14,2026,ECOMM,MIDWEST,PLNT_CHI,6090,6629,5655,5468,4864,5850,5325,0.0821,0.0575,Y,N,4926,0.0284
RF01015,RefreshCo,Energy Drinks,2026-04-10,15,2026,CLUB,SOUTHEAST,PLNT_CHI,5502,5267,5086,5080,4914,5136,5869,0.115,0.0758,N,N,5495,0.1802
RF01015,RefreshCo,Energy Drinks,2026-04-17,16,2026,GROCERY,MIDWEST,PLNT_CHI,5947,6432,6148,6017,6853,5853,5233,-0.0952,0.1188,N,N,5558,-0.0127
RF01015,RefreshCo,Energy Drinks,2026-04-24,17,2026,CLUB,MIDWEST,PLNT_CHI,6107,6070,5816,5987,6054,5591,6595,0.079,0.0959,N,N,6526,0.1544
RF01015,RefreshCo,Energy Drinks,2026-05-01,18,2026,DRUG_STORE,SOUTHEAST,PLNT_CHI,4957,5109,5101,4941,5196,5598,6162,-0.0286,0.1104,N,N,5763,0.21
RF01015,RefreshCo,Energy Drinks,2026-05-08,19,2026,MASS_MERCH,SOUTHEAST,PLNT_CHI,5975,5343,5677,5655,6073,6282,6771,-0.0314,0.0194,N,N,6801,0.1672
RF01016,ZingEnergy,Energy Drinks,2025-11-14,46,2025,MASS_MERCH,NORTHEAST,PLNT_LAX,5755,5894,5763,5540,5228,6284,5517,-0.0289,0.0603,N,Y,4970,-0.0072
RF01016,ZingEnergy,Energy Drinks,2025-11-21,47,2025,GROCERY,SOUTHWEST,PLNT_LAX,6306,6765,6713,6495,7036,5462,7957,0.0668,0.1003,Y,N,7306,0.1329
RF01016,ZingEnergy,Energy Drinks,2025-11-28,48,2025,MASS_MERCH,NORTHEAST,PLNT_LAX,5837,5692,6478,6700,6890,6767,5453,-0.1269,0.0794,N,N,5828,-0.0957
RF01016,ZingEnergy,Energy Drinks,2025-12-05,49,2025,CLUB,SOUTHWEST,PLNT_LAX,6864,7314,6715,6938,7559,7650,8643,0.0782,0.1257,Y,N,6612,0.0959
RF01016,ZingEnergy,Energy Drinks,2025-12-12,50,2025,ECOMM,SOUTHWEST,PLNT_LAX,6628,6681,7124,6848,6871,6256,6144,-0.0006,0.1272,N,N,6119,-0.0256
RF01016,ZingEnergy,Energy Drinks,2025-12-19,51,2025,GROCERY,SOUTHEAST,PLNT_LAX,6128,5443,6648,6846,6474,6614,7452,-0.1175,0.0804,N,N,5481,-0.2069
RF01016,ZingEnergy,Energy Drinks,2025-12-26,52,2025,CONV_STORE,NORTHEAST,PLNT_LAX,6764,7511,7656,7975,8959,8832,7238,0.0236,0.1425,N,N,7608,-0.0148
RF01016,ZingEnergy,Energy Drinks,2026-01-02,1,2026,DRUG_STORE,SOUTHWEST,PLNT_LAX,6491,6138,5971,6137,6576,7192,5684,-0.0913,0.0013,Y,N,5870,0.166
RF01016,ZingEnergy,Energy Drinks,2026-01-09,2,2026,CLUB,NORTHEAST,PLNT_LAX,7457,7867,7732,7598,8191,8082,6438,0.0539,0.0395,Y,N,6876,0.0998
RF01016,ZingEnergy,Energy Drinks,2026-01-16,3,2026,CLUB,SOUTHEAST,PLNT_LAX,6995,6574,7543,7744,8520,8368,9061,0.0022,0.0911,N,N,7519,0.1641
RF01016,ZingEnergy,Energy Drinks,2026-01-23,4,2026,DRUG_STORE,WEST,PLNT_LAX,7619,7067,7646,7402,6945,8736,9172,-0.1071,0.0693,N,N,6699,-0.0945
RF01016,ZingEnergy,Energy Drinks,2026-01-30,5,2026,GROCERY,MIDWEST,PLNT_LAX,7290,7116,7342,7165,6622,7419,5427,-0.0264,0.018,N,N,7272,0.0066
RF01016,ZingEnergy,Energy Drinks,2026-02-06,6,2026,CLUB,SOUTHWEST,PLNT_LAX,7489,8290,8263,8069,7902,7939,6935,0.0732,0.144,N,N,6531,0.2585
RF01016,ZingEnergy,Energy Drinks,2026-02-13,7,2026,MASS_MERCH,MIDWEST,PLNT_LAX,7538,8399,7227,7191,7417,7665,5720,0.0014,0.0008,N,N,6670,0.0872
RF01016,ZingEnergy,Energy Drinks,2026-02-20,8,2026,GROCERY,MIDWEST,PLNT_LAX,7243,7411,6650,6687,7503,6680,6270,0.0761,0.0498,N,N,8140,-0.0709
RF01016,ZingEnergy,Energy Drinks,2026-02-27,9,2026,MASS_MERCH,WEST,PLNT_LAX,8097,7865,9266,9424,8393,8370,7916,0.0232,0.0654,N,N,8777,0.0449
RF01016,ZingEnergy,Energy Drinks,2026-03-06,10,2026,CONV_STORE,MIDWEST,PLNT_LAX,7342,7012,8403,8402,9417,7792,10206,0.0454,0.0429,N,N,8495,-0.0924
RF01016,ZingEnergy,Energy Drinks,2026-03-13,11,2026,CLUB,SOUTHWEST,PLNT_LAX,7116,7566,6673,6908,6174,6054,6022,0.2568,0.1654,N,N,8525,0.0608
RF01016,ZingEnergy,Energy Drinks,2026-03-20,12,2026,DRUG_STORE,NORTHEAST,PLNT_LAX,7762,7494,8361,8348,9182,9595,6808,0.0098,0.2205,Y,N,7789,0.174
RF01016,ZingEnergy,Energy Drinks,2026-03-27,13,2026,ECOMM,WEST,PLNT_LAX,7522,7676,7867,8238,7636,9636,7253,0.1867,0.0933,N,N,8970,0.0406
RF01016,ZingEnergy,Energy Drinks,2026-04-03,14,2026,GROCERY,NORTHEAST,PLNT_LAX,7915,8730,7333,7203,7200,7843,7234,0.0737,0.0871,N,N,6470,-0.0286
RF01016,ZingEnergy,Energy Drinks,2026-04-10,15,2026,ECOMM,SOUTHEAST,PLNT_LAX,7271,8051,8361,8701,8135,7295,9493,-0.0411,0.111,Y,N,6926,0.0764
RF01016,ZingEnergy,Energy Drinks,2026-04-17,16,2026,MASS_MERCH,SOUTHEAST,PLNT_LAX,7350,8170,8205,7867,7717,7653,8598,0.0497,0.1533,N,N,8043,0.0204
RF01016,ZingEnergy,Energy Drinks,2026-04-24,17,2026,CONV_STORE,WEST,PLNT_LAX,8302,8508,8216,7884,7347,7799,7534,-0.0618,0.1106,Y,N,7864,0.2014
RF01016,ZingEnergy,Energy Drinks,2026-05-01,18,2026,CLUB,SOUTHEAST,PLNT_LAX,7687,6936,7904,8278,8678,9032,10291,0.124,0.0347,Y,N,6393,0.0105
RF01016,ZingEnergy,Energy Drinks,2026-05-08,19,2026,MASS_MERCH,WEST,PLNT_LAX,7513,8386,8047,7886,7816,8170,8217,-0.0441,0.1825,N,N,7406,-0.0315
RF01017,ZingEnergy,Energy Drinks,2025-11-14,46,2025,DRUG_STORE,SOUTHEAST,PLNT_LAX,10969,11676,9916,10154,11011,11578,7859,0.1037,0.039,N,N,12098,0.1341
RF01017,ZingEnergy,Energy Drinks,2025-11-21,47,2025,MASS_MERCH,SOUTHEAST,PLNT_LAX,10519,10118,11881,12249,11028,14615,10870,0.0649,0.0904,Y,N,8471,-0.0735
RF01017,ZingEnergy,Energy Drinks,2025-11-28,48,2025,CLUB,SOUTHWEST,PLNT_LAX,11703,11436,12457,12761,12234,14407,13741,-0.0537,0.0638,N,N,9772,-0.2471
RF01017,ZingEnergy,Energy Drinks,2025-12-05,49,2025,GROCERY,SOUTHEAST,PLNT_LAX,12837,13810,13787,13357,13424,11689,11729,0.0591,0.1849,N,N,14221,-0.1586
RF01017,ZingEnergy,Energy Drinks,2025-12-12,50,2025,DRUG_STORE,SOUTHWEST,PLNT_LAX,13275,12053,14942,15298,15337,17542,16218,0.0872,0.1434,N,N,10661,0.1886
RF01017,ZingEnergy,Energy Drinks,2025-12-19,51,2025,ECOMM,WEST,PLNT_LAX,12169,13569,13533,13853,15788,11554,13324,-0.0724,0.024,N,N,13958,0.0238
RF01017,ZingEnergy,Energy Drinks,2025-12-26,52,2025,CONV_STORE,SOUTHWEST,PLNT_LAX,13336,11796,13924,13998,15554,12100,15118,0.0481,0.0803,N,N,14542,-0.064
RF01017,ZingEnergy,Energy Drinks,2026-01-02,1,2026,ECOMM,SOUTHWEST,PLNT_LAX,12700,12723,13295,13540,12376,12612,15260,0.0365,0.2299,N,N,14203,-0.0167
RF01017,ZingEnergy,Energy Drinks,2026-01-09,2,2026,CLUB,SOUTHWEST,PLNT_LAX,14266,14683,13846,14191,12964,12712,15199,-0.1269,0.1701,N,N,12607,0.1137
RF01017,ZingEnergy,Energy Drinks,2026-01-16,3,2026,ECOMM,NORTHEAST,PLNT_LAX,14150,15443,13998,13520,14733,12821,10956,0.0245,0.1313,N,N,15762,0.1925
RF01017,ZingEnergy,Energy Drinks,2026-01-23,4,2026,ECOMM,WEST,PLNT_LAX,14367,14563,16149,16719,17622,18197,20750,-0.1162,0.0587,N,N,12102,0.0905
RF01017,ZingEnergy,Energy Drinks,2026-01-30,5,2026,GROCERY,SOUTHEAST,PLNT_LAX,13288,14714,14695,14021,14634,16137,17285,-0.0694,0.1475,N,N,14524,0.1232
RF01017,ZingEnergy,Energy Drinks,2026-02-06,6,2026,DRUG_STORE,SOUTHWEST,PLNT_LAX,15473,14858,14458,14961,16157,12305,17840,0.0875,0.0713,Y,N,16804,0.0563
RF01017,ZingEnergy,Energy Drinks,2026-02-13,7,2026,MASS_MERCH,SOUTHEAST,PLNT_LAX,13672,12836,14879,14923,16243,14581,14429,0.0774,0.0066,N,N,11100,0.1002
RF01017,ZingEnergy,Energy Drinks,2026-02-20,8,2026,CONV_STORE,SOUTHWEST,PLNT_LAX,14827,15916,16842,16142,18326,14244,12632,0.029,0.1251,N,N,12204,-0.136
RF01017,ZingEnergy,Energy Drinks,2026-02-27,9,2026,DRUG_STORE,WEST,PLNT_LAX,13969,14506,14387,14093,15602,15420,12912,-0.0731,0.0573,N,N,11995,0.2266
RF01017,ZingEnergy,Energy Drinks,2026-03-06,10,2026,DRUG_STORE,MIDWEST,PLNT_LAX,13932,15227,14713,14886,16535,16627,14355,0.0853,0.1365,Y,N,15186,0.1361
RF01017,ZingEnergy,Energy Drinks,2026-03-13,11,2026,ECOMM,MIDWEST,PLNT_LAX,14891,16649,14458,13869,14084,15362,11578,-0.0214,0.2254,N,N,16523,0.0773
RF01017,ZingEnergy,Energy Drinks,2026-03-20,12,2026,CLUB,WEST,PLNT_LAX,14571,13208,13332,13162,12795,11031,14412,-0.2131,0.1557,N,N,17385,0.1113
RF01017,ZingEnergy,Energy Drinks,2026-03-27,13,2026,ECOMM,WEST,PLNT_LAX,15732,15979,17676,17901,16841,16714,19753,-0.2059,0.1511,Y,N,17226,-0.1036
RF01017,ZingEnergy,Energy Drinks,2026-04-03,14,2026,MASS_MERCH,SOUTHWEST,PLNT_LAX,15634,14480,17113,17034,18658,14498,13336,0.0792,0.1722,N,N,15798,-0.048
RF01017,ZingEnergy,Energy Drinks,2026-04-10,15,2026,DRUG_STORE,SOUTHWEST,PLNT_LAX,13972,13619,13495,13493,14291,15924,15352,-0.031,0.089,N,N,13735,0.0757
RF01017,ZingEnergy,Energy Drinks,2026-04-17,16,2026,GROCERY,SOUTHEAST,PLNT_LAX,15679,15788,16833,16757,18859,16092,21021,0.0008,0.0706,Y,N,12795,-0.0333
RF01017,ZingEnergy,Energy Drinks,2026-04-24,17,2026,MASS_MERCH,SOUTHEAST,PLNT_LAX,15080,16857,14715,14694,15925,14404,18316,0.0833,0.1034,Y,N,12076,0.1322
RF01017,ZingEnergy,Energy Drinks,2026-05-01,18,2026,DRUG_STORE,MIDWEST,PLNT_LAX,14241,12684,14530,14253,15438,14261,16128,0.0112,0.04,N,N,13955,-0.0853
RF01017,ZingEnergy,Energy Drinks,2026-05-08,19,2026,DRUG_STORE,SOUTHWEST,PLNT_LAX,12876,12335,14162,14394,13538,13965,14922,0.0705,0.2417,N,N,14760,-0.0257
RF01018,SweetWave,Energy Drinks,2025-11-14,46,2025,MASS_MERCH,WEST,PLNT_LAX,1430,1450,1331,1338,1365,1482,1682,-0.1002,0.0209,N,Y,1520,0.0128
RF01018,SweetWave,Energy Drinks,2025-11-21,47,2025,ECOMM,SOUTHWEST,PLNT_LAX,1173,1109,1116,1152,1039,1178,1059,-0.0207,0.0608,N,N,1023,-0.034
RF01018,SweetWave,Energy Drinks,2025-11-28,48,2025,ECOMM,SOUTHEAST,PLNT_LAX,1560,1515,1439,1508,1438,1341,1745,0.0348,0.2038,N,N,1847,0.2839
RF01018,SweetWave,Energy Drinks,2025-12-05,49,2025,CONV_STORE,MIDWEST,PLNT_LAX,1535,1460,1419,1368,1337,1552,1113,0.1349,0.1494,N,N,1689,0.2316
RF01018,SweetWave,Energy Drinks,2025-12-12,50,2025,DRUG_STORE,NORTHEAST,PLNT_LAX,1462,1307,1485,1471,1450,1336,1794,0.0462,0.1015,N,N,1493,0.3465
RF01018,SweetWave,Energy Drinks,2025-12-19,51,2025,MASS_MERCH,SOUTHEAST,PLNT_LAX,1542,1507,1420,1439,1405,1718,1675,-0.0465,0.0587,N,N,1234,0.0106
RF01018,SweetWave,Energy Drinks,2025-12-26,52,2025,DRUG_STORE,MIDWEST,PLNT_LAX,1372,1302,1568,1489,1541,1695,1416,0.0531,0.0695,N,N,1122,0.1764
RF01018,SweetWave,Energy Drinks,2026-01-02,1,2026,MASS_MERCH,WEST,PLNT_LAX,1564,1489,1562,1503,1712,1734,1295,-0.0827,0.0121,N,N,1648,0.0335
RF01018,SweetWave,Energy Drinks,2026-01-09,2,2026,MASS_MERCH,SOUTHWEST,PLNT_LAX,1743,1648,1857,1823,2058,1722,2250,0.004,0.2105,N,Y,1401,0.242
RF01018,SweetWave,Energy Drinks,2026-01-16,3,2026,GROCERY,NORTHEAST,PLNT_LAX,1669,1747,1706,1687,1720,1955,1994,0.1104,0.091,N,N,1736,0.0608
RF01018,SweetWave,Energy Drinks,2026-01-23,4,2026,CONV_STORE,SOUTHEAST,PLNT_LAX,1489,1600,1706,1641,1633,1483,1247,0.1199,0.0937,N,N,1556,0.3055
RF01018,SweetWave,Energy Drinks,2026-01-30,5,2026,CONV_STORE,SOUTHWEST,PLNT_LAX,1593,1491,1630,1607,1792,1749,1383,0.1402,0.157,N,N,1637,0.25
RF01018,SweetWave,Energy Drinks,2026-02-06,6,2026,ECOMM,SOUTHEAST,PLNT_LAX,1533,1591,1596,1625,1457,1411,1274,0.0238,0.1153,Y,N,1706,0.1956
RF01018,SweetWave,Energy Drinks,2026-02-13,7,2026,CONV_STORE,WEST,PLNT_LAX,1715,1917,1840,1846,2048,1515,1802,0.1325,0.0796,N,N,1951,-0.114
RF01018,SweetWave,Energy Drinks,2026-02-20,8,2026,GROCERY,SOUTHEAST,PLNT_LAX,1629,1636,1667,1669,1489,1951,1722,0.0425,0.0958,N,N,1829,0.1495
RF01018,SweetWave,Energy Drinks,2026-02-27,9,2026,MASS_MERCH,SOUTHEAST,PLNT_LAX,1742,1821,1984,2066,1994,1743,2234,0.0165,0.1828,Y,N,2045,0.0622
RF01018,SweetWave,Energy Drinks,2026-03-06,10,2026,CONV_STORE,WEST,PLNT_LAX,1712,1701,1951,2015,2189,2374,2339,-0.0308,0.0455,N,N,1428,-0.0992
RF01018,SweetWave,Energy Drinks,2026-03-13,11,2026,MASS_MERCH,NORTHEAST,PLNT_LAX,1694,1618,1883,1801,2015,1779,1638,0.0278,0.1045,N,N,1555,0.0085
RF01018,SweetWave,Energy Drinks,2026-03-20,12,2026,CLUB,WEST,PLNT_LAX,1634,1732,1565,1580,1394,1526,1850,0.0443,0.1808,N,N,1818,-0.0742
RF01018,SweetWave,Energy Drinks,2026-03-27,13,2026,GROCERY,WEST,PLNT_LAX,1576,1459,1458,1471,1596,1314,1550,0.0403,0.09,N,N,1541,-0.0302
RF01018,SweetWave,Energy Drinks,2026-04-03,14,2026,CLUB,MIDWEST,PLNT_LAX,1656,1481,1619,1608,1545,1859,1866,0.1627,0.151,N,N,1330,0.1224
RF01018,SweetWave,Energy Drinks,2026-04-10,15,2026,GROCERY,SOUTHWEST,PLNT_LAX,1513,1352,1553,1605,1555,1911,1748,-0.0423,0.1268,Y,N,1629,0.0831
RF01018,SweetWave,Energy Drinks,2026-04-17,16,2026,CONV_STORE,SOUTHWEST,PLNT_LAX,1478,1602,1539,1513,1460,1300,1837,0.045,0.1794,N,N,1592,-0.0349
RF01018,SweetWave,Energy Drinks,2026-04-24,17,2026,CLUB,SOUTHWEST,PLNT_LAX,1543,1535,1685,1738,1622,1546,2215,0.0316,0.1047,Y,N,1413,0.0757
RF01018,SweetWave,Energy Drinks,2026-05-01,18,2026,MASS_MERCH,MIDWEST,PLNT_LAX,1636,1740,1490,1419,1312,1640,1604,0.1198,0.0792,Y,Y,1860,0.1689
RF01018,SweetWave,Energy Drinks,2026-05-08,19,2026,GROCERY,MIDWEST,PLNT_LAX,1591,1658,1582,1627,1827,1522,1427,0.0112,0.1522,N,N,1907,-0.1243
RF01020,ZingEnergy,Energy Drinks,2025-11-14,46,2025,DRUG_STORE,MIDWEST,PLNT_ATL,9415,10373,10344,10025,9650,9856,10898,0.0378,0.2095,N,N,8639,-0.057
RF01020,ZingEnergy,Energy Drinks,2025-11-21,47,2025,ECOMM,WEST,PLNT_ATL,9610,9908,9321,8972,9961,8070,7116,0.0684,0.0329,Y,N,10576,0.0725
RF01020,ZingEnergy,Energy Drinks,2025-11-28,48,2025,CONV_STORE,WEST,PLNT_ATL,9099,9095,9245,9080,9629,9914,9191,-0.0554,0.113,N,N,7412,0.1607
RF01020,ZingEnergy,Energy Drinks,2025-12-05,49,2025,DRUG_STORE,WEST,PLNT_ATL,9876,10736,9865,9673,8907,11028,8559,0.0729,0.2063,N,N,8810,0.1417
RF01020,ZingEnergy,Energy Drinks,2025-12-12,50,2025,CONV_STORE,SOUTHWEST,PLNT_ATL,10758,10335,10895,10821,10414,10445,9145,0.0445,0.1288,N,N,12232,0.2119
RF01020,ZingEnergy,Energy Drinks,2025-12-19,51,2025,GROCERY,MIDWEST,PLNT_ATL,9344,9985,10574,10149,9032,9094,8669,0.0108,0.0957,N,N,8501,0.1295
RF01020,ZingEnergy,Energy Drinks,2025-12-26,52,2025,CONV_STORE,NORTHEAST,PLNT_ATL,9853,11031,10721,10978,11858,10177,10250,-0.2511,0.2649,N,N,7929,0.0343
RF01020,ZingEnergy,Energy Drinks,2026-01-02,1,2026,CLUB,SOUTHEAST,PLNT_ATL,9593,10632,10709,10417,10451,10583,12152,-0.1785,0.1246,N,N,8875,-0.1519
RF01020,ZingEnergy,Energy Drinks,2026-01-09,2,2026,ECOMM,NORTHEAST,PLNT_ATL,11280,11815,10743,10689,10447,11110,8743,0.1469,0.1278,N,N,10557,0.0342
RF01020,ZingEnergy,Energy Drinks,2026-01-16,3,2026,CONV_STORE,WEST,PLNT_ATL,10207,9970,11173,11215,9936,12543,13892,0.0792,0.2043,N,N,10627,0.2837
RF01020,ZingEnergy,Energy Drinks,2026-01-23,4,2026,ECOMM,SOUTHWEST,PLNT_ATL,10224,11402,9723,9616,8932,8282,10114,-0.0807,0.0015,Y,N,10440,0.1163
RF01020,ZingEnergy,Energy Drinks,2026-01-30,5,2026,DRUG_STORE,MIDWEST,PLNT_ATL,12309,12275,11652,11150,10408,10376,11461,0.0445,0.0648,Y,N,14326,0.0723
RF01020,ZingEnergy,Energy Drinks,2026-02-06,6,2026,DRUG_STORE,SOUTHEAST,PLNT_ATL,10012,9120,10058,10302,9413,9252,10086,0.1728,0.1029,N,N,10362,-0.0918
RF01020,ZingEnergy,Energy Drinks,2026-02-13,7,2026,GROCERY,SOUTHWEST,PLNT_ATL,10643,10069,9598,9255,9599,8457,8554,0.0181,0.0568,N,Y,8902,-0.0188
RF01020,ZingEnergy,Energy Drinks,2026-02-20,8,2026,DRUG_STORE,WEST,PLNT_ATL,10837,10438,12036,12387,13552,14157,12015,-0.1226,0.1556,N,N,11526,0.1904
RF01020,ZingEnergy,Energy Drinks,2026-02-27,9,2026,MASS_MERCH,MIDWEST,PLNT_ATL,11679,12235,10638,11048,12257,11316,12189,-0.014,0.2082,N,N,11264,0.1187
RF01020,ZingEnergy,Energy Drinks,2026-03-06,10,2026,CONV_STORE,SOUTHWEST,PLNT_ATL,11845,11471,12897,12902,12866,11818,13136,-0.0206,0.0973,N,N,11281,0.051
RF01020,ZingEnergy,Energy Drinks,2026-03-13,11,2026,MASS_MERCH,MIDWEST,PLNT_ATL,11822,11528,10671,10259,10815,10222,10202,-0.1374,0.1962,N,N,11683,0.127
RF01020,ZingEnergy,Energy Drinks,2026-03-20,12,2026,GROCERY,WEST,PLNT_ATL,11799,12757,12409,12008,12881,10615,13278,0.0667,0.1678,N,N,12810,0.0467
RF01020,ZingEnergy,Energy Drinks,2026-03-27,13,2026,ECOMM,NORTHEAST,PLNT_ATL,12471,12297,11372,11525,11312,10800,8963,-0.0416,0.2232,N,N,11845,0.0461
RF01020,ZingEnergy,Energy Drinks,2026-04-03,14,2026,MASS_MERCH,NORTHEAST,PLNT_ATL,11860,11637,13607,13385,12546,15463,15692,0.0549,0.1376,Y,N,9998,-0.0237
RF01020,ZingEnergy,Energy Drinks,2026-04-10,15,2026,DRUG_STORE,NORTHEAST,PLNT_ATL,11423,10571,10872,10917,10266,9391,10058,0.111,0.207,Y,N,10144,0.0564
RF01020,ZingEnergy,Energy Drinks,2026-04-17,16,2026,DRUG_STORE,MIDWEST,PLNT_ATL,11470,11811,10448,10850,11713,10956,13833,-0.0341,0.0952,N,N,10331,-0.1666
RF01020,ZingEnergy,Energy Drinks,2026-04-24,17,2026,CLUB,SOUTHEAST,PLNT_ATL,12149,12530,12114,12628,12202,13403,15387,0.0597,0.0715,N,N,12676,0.2533
RF01020,ZingEnergy,Energy Drinks,2026-05-01,18,2026,GROCERY,SOUTHEAST,PLNT_ATL,11076,11449,10611,10703,9477,11863,8730,-0.02,0.1254,Y,N,9470,0.1665
RF01020,ZingEnergy,Energy Drinks,2026-05-08,19,2026,CLUB,WEST,PLNT_ATL,11103,10771,11774,11465,13035,11334,13929,0.0204,0.1549,N,Y,12398,0.1184
RF01021,NatureNosh,Energy Drinks,2025-11-14,46,2025,ECOMM,NORTHEAST,PLNT_ATL,8704,9428,8554,8333,9297,8938,7346,0.037,0.0833,N,N,8083,-0.1367
RF01021,NatureNosh,Energy Drinks,2025-11-21,47,2025,CLUB,SOUTHEAST,PLNT_ATL,8864,9650,8132,7881,8857,6838,6636,0.0231,0.0181,Y,N,8602,-0.0246
RF01021,NatureNosh,Energy Drinks,2025-11-28,48,2025,CONV_STORE,MIDWEST,PLNT_ATL,8761,8125,8813,8906,9172,10577,7630,0.0298,0.1646,N,N,8332,-0.0646
RF01021,NatureNosh,Energy Drinks,2025-12-05,49,2025,DRUG_STORE,NORTHEAST,PLNT_ATL,8679,8906,8751,8449,9108,8300,6709,0.0353,0.1622,N,N,7553,-0.0162
RF01021,NatureNosh,Energy Drinks,2025-12-12,50,2025,CONV_STORE,SOUTHEAST,PLNT_ATL,9109,8635,9478,9459,10082,8459,11687,0.0667,0.2393,N,N,8761,0.0463
RF01021,NatureNosh,Energy Drinks,2025-12-19,51,2025,ECOMM,NORTHEAST,PLNT_ATL,9140,9671,9103,8928,8805,7452,11056,0.0604,0.0619,Y,N,8245,0.1426
RF01021,NatureNosh,Energy Drinks,2025-12-26,52,2025,CLUB,NORTHEAST,PLNT_ATL,10666,10690,10902,11107,11653,13018,12660,-0.0465,0.1208,N,N,11418,0.0718
RF01021,NatureNosh,Energy Drinks,2026-01-02,1,2026,CONV_STORE,SOUTHEAST,PLNT_ATL,9709,9152,9843,10021,10387,11841,11985,-0.089,0.2227,N,N,9311,0.056
RF01021,NatureNosh,Energy Drinks,2026-01-09,2,2026,DRUG_STORE,MIDWEST,PLNT_ATL,9019,9059,8542,8476,8983,8562,8752,-0.0687,0.1803,N,N,10549,-0.0642
RF01021,NatureNosh,Energy Drinks,2026-01-16,3,2026,CONV_STORE,SOUTHEAST,PLNT_ATL,10472,10654,11512,11873,13319,11531,10843,-0.0082,0.2301,Y,N,11294,0.022
RF01021,NatureNosh,Energy Drinks,2026-01-23,4,2026,CLUB,SOUTHEAST,PLNT_ATL,9516,10048,8970,8857,8250,7875,11095,0.0018,0.0151,Y,N,8308,0.1072
RF01021,NatureNosh,Energy Drinks,2026-01-30,5,2026,ECOMM,NORTHEAST,PLNT_ATL,10521,11536,10544,10677,11806,9429,9666,-0.0419,0.0853,N,N,10427,0.1071
RF01021,NatureNosh,Energy Drinks,2026-02-06,6,2026,ECOMM,NORTHEAST,PLNT_ATL,10449,9348,11367,10806,9781,11005,8146,-0.0126,0.021,N,N,10337,-0.173
RF01021,NatureNosh,Energy Drinks,2026-02-13,7,2026,MASS_MERCH,MIDWEST,PLNT_ATL,10313,9993,11576,12154,12797,11714,9484,0.0924,0.0868,Y,N,11131,0.1245
RF01021,NatureNosh,Energy Drinks,2026-02-20,8,2026,CONV_STORE,SOUTHEAST,PLNT_ATL,10501,9590,11031,11438,11161,12066,12572,-0.1454,0.0588,Y,N,12422,0.0592
RF01021,NatureNosh,Energy Drinks,2026-02-27,9,2026,CONV_STORE,SOUTHWEST,PLNT_ATL,10774,10412,9819,10120,9520,10161,11554,0.0065,0.1351,N,N,10671,-0.0668
RF01021,NatureNosh,Energy Drinks,2026-03-06,10,2026,CLUB,SOUTHEAST,PLNT_ATL,10232,9250,10193,10302,11395,11877,12011,-0.084,0.1168,N,N,11592,0.0102
RF01021,NatureNosh,Energy Drinks,2026-03-13,11,2026,DRUG_STORE,WEST,PLNT_ATL,12536,12436,14091,14732,13886,13265,16930,0.0145,0.106,N,N,10832,-0.0038
RF01021,NatureNosh,Energy Drinks,2026-03-20,12,2026,DRUG_STORE,NORTHEAST,PLNT_ATL,11905,12665,11370,11094,11682,12987,12045,-0.0545,0.0132,N,N,12266,0.0508
RF01021,NatureNosh,Energy Drinks,2026-03-27,13,2026,CLUB,SOUTHWEST,PLNT_ATL,10883,10473,12271,12569,13197,14056,15863,0.0065,0.0796,N,N,9191,0.0738
RF01021,NatureNosh,Energy Drinks,2026-04-03,14,2026,MASS_MERCH,MIDWEST,PLNT_ATL,10197,9433,11578,11662,13155,12119,8756,0.1104,0.1888,N,N,9461,0.0963
RF01021,NatureNosh,Energy Drinks,2026-04-10,15,2026,MASS_MERCH,NORTHEAST,PLNT_ATL,9963,10672,10261,10365,10186,10619,10304,0.1105,0.2082,N,N,9786,0.2666
RF01021,NatureNosh,Energy Drinks,2026-04-17,16,2026,ECOMM,MIDWEST,PLNT_ATL,10218,10623,11243,11471,11015,13723,9353,-0.0067,0.2139,N,N,10197,0.0363
RF01021,NatureNosh,Energy Drinks,2026-04-24,17,2026,MASS_MERCH,SOUTHEAST,PLNT_ATL,10237,11419,10065,10395,11040,8731,12564,-0.0546,0.1499,N,N,10889,0.1652
RF01021,NatureNosh,Energy Drinks,2026-05-01,18,2026,CONV_STORE,SOUTHWEST,PLNT_ATL,11393,11524,11214,11413,11203,11647,10271,-0.1801,0.1069,N,N,9710,-0.0346
RF01021,NatureNosh,Energy Drinks,2026-05-08,19,2026,DRUG_STORE,SOUTHEAST,PLNT_ATL,10220,10968,11369,11607,11955,11466,11673,-0.0854,0.1529,N,N,10838,-0.0096
RF01023,RefreshCo,Energy Drinks,2025-11-14,46,2025,DRUG_STORE,SOUTHEAST,PLNT_LAX,7022,7845,6578,6874,7704,5887,8704,-0.0352,0.1284,N,N,7284,0.0756
RF01023,RefreshCo,Energy Drinks,2025-11-21,47,2025,DRUG_STORE,MIDWEST,PLNT_LAX,8666,8466,7873,7668,8119,9069,8403,-0.0012,0.0548,N,N,9628,0.1699
RF01023,RefreshCo,Energy Drinks,2025-11-28,48,2025,GROCERY,NORTHEAST,PLNT_LAX,8619,8154,9164,9042,8151,9095,9986,-0.067,0.1071,N,N,7838,0.0384
RF01023,RefreshCo,Energy Drinks,2025-12-05,49,2025,DRUG_STORE,MIDWEST,PLNT_LAX,8252,7620,8425,8546,8790,7330,6697,-0.1222,0.2098,Y,N,6666,-0.0758
RF01023,RefreshCo,Energy Drinks,2025-12-12,50,2025,ECOMM,WEST,PLNT_LAX,7827,8413,8000,8015,8540,8978,6538,-0.0142,0.1229,N,N,8137,-0.2716
RF01023,RefreshCo,Energy Drinks,2025-12-19,51,2025,MASS_MERCH,SOUTHEAST,PLNT_LAX,8915,9557,8297,7989,7212,7330,9180,0.1121,0.1467,N,N,7743,0.0714
RF01023,RefreshCo,Energy Drinks,2025-12-26,52,2025,CONV_STORE,WEST,PLNT_LAX,9565,8987,8718,9106,9066,9463,10184,0.0032,0.0536,N,N,8454,-0.0098
RF01023,RefreshCo,Energy Drinks,2026-01-02,1,2026,MASS_MERCH,SOUTHEAST,PLNT_LAX,9747,9132,9230,9045,9375,8159,8505,0.1063,0.1779,Y,N,9286,0.161
RF01023,RefreshCo,Energy Drinks,2026-01-09,2,2026,CLUB,SOUTHEAST,PLNT_LAX,9526,8573,9178,9109,9285,7713,10368,-0.026,0.2127,Y,N,10125,0.0346
RF01023,RefreshCo,Energy Drinks,2026-01-16,3,2026,DRUG_STORE,SOUTHWEST,PLNT_LAX,9523,9339,8936,9376,8314,9838,7417,-0.0785,0.1405,N,N,10056,0.0809
RF01023,RefreshCo,Energy Drinks,2026-01-23,4,2026,GROCERY,NORTHEAST,PLNT_LAX,9010,8519,10066,9789,9574,11630,9306,0.0747,0.2281,Y,N,8312,0.2077
RF01023,RefreshCo,Energy Drinks,2026-01-30,5,2026,ECOMM,MIDWEST,PLNT_LAX,9700,9767,10428,10809,11219,12545,9084,-0.0636,0.1763,N,N,11515,0.0007
RF01023,RefreshCo,Energy Drinks,2026-02-06,6,2026,GROCERY,WEST,PLNT_LAX,8807,9546,8976,8641,9206,9244,7134,-0.0013,0.0769,N,N,8349,0.001
RF01023,RefreshCo,Energy Drinks,2026-02-13,7,2026,CONV_STORE,SOUTHWEST,PLNT_LAX,9729,9538,9869,9808,9911,9070,9579,-0.0987,0.2357,N,N,11121,-0.0488
RF01023,RefreshCo,Energy Drinks,2026-02-20,8,2026,CLUB,SOUTHEAST,PLNT_LAX,10166,9709,9378,8983,10111,7929,7010,-0.0065,0.1168,N,N,12045,-0.1124
RF01023,RefreshCo,Energy Drinks,2026-02-27,9,2026,CLUB,WEST,PLNT_LAX,9115,9619,9296,9309,9881,9067,10022,0.0638,0.2042,N,N,10025,-0.0655
RF01023,RefreshCo,Energy Drinks,2026-03-06,10,2026,ECOMM,WEST,PLNT_LAX,9741,10795,10771,11180,9961,11073,9383,0.151,0.2123,N,N,9222,-0.0466
RF01023,RefreshCo,Energy Drinks,2026-03-13,11,2026,GROCERY,MIDWEST,PLNT_LAX,10053,8969,10293,9953,11123,9106,10308,0.0755,0.1231,N,N,8899,-0.0198
RF01023,RefreshCo,Energy Drinks,2026-03-20,12,2026,CLUB,WEST,PLNT_LAX,9656,9001,9426,9834,10765,8196,9788,-0.0835,0.0687,N,N,8993,-0.0536
RF01023,RefreshCo,Energy Drinks,2026-03-27,13,2026,GROCERY,SOUTHWEST,PLNT_LAX,9652,10555,9135,9002,9073,7671,9205,0.0265,0.1375,N,N,10256,0.0908
RF01023,RefreshCo,Energy Drinks,2026-04-03,14,2026,CONV_STORE,NORTHEAST,PLNT_LAX,9730,9261,9798,9486,10787,10144,9323,0.0993,0.1835,Y,N,10544,0.1932
RF01023,RefreshCo,Energy Drinks,2026-04-10,15,2026,GROCERY,SOUTHEAST,PLNT_LAX,9939,9065,9991,9822,10344,11593,12362,0.062,0.15,N,N,10661,0.0335
RF01023,RefreshCo,Energy Drinks,2026-04-17,16,2026,CLUB,SOUTHWEST,PLNT_LAX,10165,10848,10164,10393,9500,12304,12161,0.1158,0.1587,Y,N,8343,0.1185
RF01023,RefreshCo,Energy Drinks,2026-04-24,17,2026,CONV_STORE,SOUTHWEST,PLNT_LAX,9744,9971,8789,8771,7906,8621,9449,-0.0543,0.115,N,N,8822,-0.0365
RF01023,RefreshCo,Energy Drinks,2026-05-01,18,2026,GROCERY,WEST,PLNT_LAX,9150,8994,9319,9582,9954,8544,11527,-0.0929,0.0965,Y,N,8322,-0.0093
RF01023,RefreshCo,Energy Drinks,2026-05-08,19,2026,DRUG_STORE,SOUTHWEST,PLNT_LAX,9417,8326,8945,9270,9422,10067,11767,0.062,0.1312,Y,N,7728,0.1645
RF01025,SweetWave,Energy Drinks,2025-11-14,46,2025,GROCERY,NORTHEAST,PLNT_DAL,2956,2897,2896,2764,2469,3048,2383,0.093,0.0092,Y,N,3486,0.0858
RF01025,SweetWave,Energy Drinks,2025-11-21,47,2025,MASS_MERCH,MIDWEST,PLNT_DAL,2923,2640,2640,2653,2583,2992,3034,0.0715,0.0507,Y,N,3021,-0.0467
RF01025,SweetWave,Energy Drinks,2025-11-28,48,2025,CLUB,SOUTHEAST,PLNT_DAL,3168,3266,3327,3174,2952,3140,2546,0.0398,0.1978,N,N,3498,-0.0196
RF01025,SweetWave,Energy Drinks,2025-12-05,49,2025,ECOMM,MIDWEST,PLNT_DAL,3010,2741,3023,3086,3433,3056,3487,0.0103,0.139,N,N,3014,0.0161
RF01025,SweetWave,Energy Drinks,2025-12-12,50,2025,ECOMM,NORTHEAST,PLNT_DAL,3448,3610,3214,3067,3332,3323,3504,0.0348,0.0471,N,N,2986,0.1495
RF01025,SweetWave,Energy Drinks,2025-12-19,51,2025,MASS_MERCH,NORTHEAST,PLNT_DAL,3209,3424,3209,3135,2889,2830,3508,-0.0588,0.197,N,N,3241,-0.1061
RF01025,SweetWave,Energy Drinks,2025-12-26,52,2025,GROCERY,WEST,PLNT_DAL,3195,3354,3316,3206,3019,2676,2656,0.0733,0.2222,N,N,3377,-0.1435
RF01025,SweetWave,Energy Drinks,2026-01-02,1,2026,ECOMM,MIDWEST,PLNT_DAL,3278,3305,2951,2905,2801,3426,3539,0.169,0.1172,N,N,3914,0.104
RF01025,SweetWave,Energy Drinks,2026-01-09,2,2026,CONV_STORE,NORTHEAST,PLNT_DAL,3282,3168,3553,3474,3542,4140,4038,0.0118,0.1254,N,N,3483,-0.0159
RF01025,SweetWave,Energy Drinks,2026-01-16,3,2026,CONV_STORE,SOUTHEAST,PLNT_DAL,3528,3571,3895,3786,3904,4266,4350,-0.0627,0.1443,N,N,4095,0.1123
RF01025,SweetWave,Energy Drinks,2026-01-23,4,2026,DRUG_STORE,SOUTHEAST,PLNT_DAL,3453,3191,3852,3732,3912,3090,3121,0.0481,0.1463,N,N,2861,0.148
RF01025,SweetWave,Energy Drinks,2026-01-30,5,2026,CLUB,NORTHEAST,PLNT_DAL,3370,3750,3117,3125,3240,3011,2378,0.1951,0.1671,N,Y,3030,-0.1406
RF01025,SweetWave,Energy Drinks,2026-02-06,6,2026,GROCERY,WEST,PLNT_DAL,3463,3568,3128,3273,3506,3104,3681,0.0423,0.1403,N,N,2996,0.1712
RF01025,SweetWave,Energy Drinks,2026-02-13,7,2026,GROCERY,NORTHEAST,PLNT_DAL,3306,2953,3547,3592,3931,3085,3258,0.0604,0.0061,Y,N,2676,0.0235
RF01025,SweetWave,Energy Drinks,2026-02-20,8,2026,DRUG_STORE,NORTHEAST,PLNT_DAL,3255,3376,3113,3230,3255,3864,2806,0.04,0.167,Y,N,3073,0.0136
RF01025,SweetWave,Energy Drinks,2026-02-27,9,2026,CONV_STORE,WEST,PLNT_DAL,3429,3053,3215,3192,2959,3133,3904,0.0047,0.0877,N,N,3115,-0.1151
RF01025,SweetWave,Energy Drinks,2026-03-06,10,2026,GROCERY,SOUTHEAST,PLNT_DAL,3135,2958,3532,3637,3936,3184,3012,0.0204,0.0188,N,N,2649,0.1104
RF01025,SweetWave,Energy Drinks,2026-03-13,11,2026,DRUG_STORE,MIDWEST,PLNT_DAL,3014,2756,2956,2845,2739,2791,3179,0.0767,0.0286,N,N,3199,0.1497
RF01025,SweetWave,Energy Drinks,2026-03-20,12,2026,MASS_MERCH,SOUTHWEST,PLNT_DAL,3295,3292,3405,3416,3080,3729,3516,0.1033,0.1382,Y,N,3112,-0.1761
RF01025,SweetWave,Energy Drinks,2026-03-27,13,2026,GROCERY,NORTHEAST,PLNT_DAL,3376,3264,3438,3312,3699,3170,3974,0.1693,0.1259,N,N,3445,-0.0247
RF01025,SweetWave,Energy Drinks,2026-04-03,14,2026,GROCERY,SOUTHEAST,PLNT_DAL,3422,3184,3271,3351,3277,2781,4226,-0.015,0.0554,N,N,3883,0.1746
RF01025,SweetWave,Energy Drinks,2026-04-10,15,2026,ECOMM,SOUTHWEST,PLNT_DAL,3222,3117,2963,2837,2606,2523,3245,0.0056,0.1189,N,N,3012,-0.1458
RF01025,SweetWave,Energy Drinks,2026-04-17,16,2026,GROCERY,WEST,PLNT_DAL,3208,3043,3012,3126,3361,3161,2362,-0.1009,0.165,N,N,3630,-0.1172
RF01025,SweetWave,Energy Drinks,2026-04-24,17,2026,GROCERY,WEST,PLNT_DAL,3316,3482,3335,3220,3149,3804,3683,-0.0259,0.1035,N,N,3947,0.0639
RF01025,SweetWave,Energy Drinks,2026-05-01,18,2026,DRUG_STORE,SOUTHWEST,PLNT_DAL,2989,3127,3046,3092,2853,3479,3378,0.0003,0.1298,Y,N,3403,0.0941
RF01025,SweetWave,Energy Drinks,2026-05-08,19,2026,CONV_STORE,SOUTHEAST,PLNT_DAL,3175,3206,2909,2937,3005,3120,2253,0.0314,0.1002,N,N,3543,0.3666
RF01026,CrunchBite,Energy Drinks,2025-11-14,46,2025,ECOMM,SOUTHEAST,PLNT_DAL,1868,2083,2032,2125,2043,2057,1994,0.058,0.1818,N,N,1870,0.1707
RF01026,CrunchBite,Energy Drinks,2025-11-21,47,2025,GROCERY,MIDWEST,PLNT_DAL,1586,1404,1743,1738,1602,1875,1376,0.0181,0.0158,Y,N,1701,-0.171
RF01026,CrunchBite,Energy Drinks,2025-11-28,48,2025,ECOMM,WEST,PLNT_DAL,1945,2175,1994,2092,2346,1986,2439,0.1186,0.0899,N,N,2248,0.1361
RF01026,CrunchBite,Energy Drinks,2025-12-05,49,2025,MASS_MERCH,WEST,PLNT_DAL,1857,1727,1954,1870,1950,1886,2200,-0.0583,0.1958,N,N,2066,0.2295
RF01026,CrunchBite,Energy Drinks,2025-12-12,50,2025,CONV_STORE,WEST,PLNT_DAL,1903,1817,2157,2083,2029,1778,1760,0.0385,0.1264,N,N,2189,-0.0518
RF01026,CrunchBite,Energy Drinks,2025-12-19,51,2025,CONV_STORE,SOUTHWEST,PLNT_DAL,1832,1666,1909,1821,1796,1922,2022,-0.0157,0.053,N,N,1526,0.0923
RF01026,CrunchBite,Energy Drinks,2025-12-26,52,2025,CLUB,NORTHEAST,PLNT_DAL,1769,1929,2030,1937,2077,1768,2295,0.0654,0.2374,N,N,1697,0.0517
RF01026,CrunchBite,Energy Drinks,2026-01-02,1,2026,CLUB,WEST,PLNT_DAL,2006,1987,1852,1845,2055,1838,1467,0.0551,0.1047,N,N,1764,-0.2263
RF01026,CrunchBite,Energy Drinks,2026-01-09,2,2026,DRUG_STORE,NORTHEAST,PLNT_DAL,1853,2073,1892,1930,1838,1610,1606,0.0815,0.0357,N,Y,1927,0.0722
RF01026,CrunchBite,Energy Drinks,2026-01-16,3,2026,GROCERY,SOUTHEAST,PLNT_DAL,1698,1641,1710,1705,1885,2015,1896,0.1483,0.1094,Y,N,1633,0.2092
RF01026,CrunchBite,Energy Drinks,2026-01-23,4,2026,CONV_STORE,SOUTHEAST,PLNT_DAL,1855,2020,1912,1944,2130,1662,2386,0.1405,0.0652,Y,N,1794,0.2081
RF01026,CrunchBite,Energy Drinks,2026-01-30,5,2026,CLUB,WEST,PLNT_DAL,1726,1585,1854,1827,1792,1505,2128,0.0387,0.1002,N,N,1604,0.0123
RF01026,CrunchBite,Energy Drinks,2026-02-06,6,2026,MASS_MERCH,SOUTHWEST,PLNT_DAL,2201,2329,2386,2342,2629,2364,2149,0.0038,0.1434,N,N,2630,-0.1334
RF01026,CrunchBite,Energy Drinks,2026-02-13,7,2026,GROCERY,SOUTHEAST,PLNT_DAL,2131,2199,2258,2275,2443,2027,2545,-0.035,0.1324,Y,N,1867,-0.1208
RF01026,CrunchBite,Energy Drinks,2026-02-20,8,2026,CONV_STORE,WEST,PLNT_DAL,1760,1705,1744,1709,1867,1482,1733,-0.1601,0.182,N,N,1707,0.0393
RF01026,CrunchBite,Energy Drinks,2026-02-27,9,2026,ECOMM,WEST,PLNT_DAL,1990,2193,2019,1993,1838,1964,1795,0.0083,0.0713,N,N,2338,-0.1128
RF01026,CrunchBite,Energy Drinks,2026-03-06,10,2026,GROCERY,WEST,PLNT_DAL,1910,1720,2118,2031,2279,1745,2330,-0.0004,0.0664,N,N,2143,-0.0657
RF01026,CrunchBite,Energy Drinks,2026-03-13,11,2026,GROCERY,SOUTHEAST,PLNT_DAL,1724,1604,1886,1895,2089,2238,1773,-0.1159,0.1382,N,N,1920,-0.089
RF01026,CrunchBite,Energy Drinks,2026-03-20,12,2026,CLUB,MIDWEST,PLNT_DAL,1590,1697,1632,1594,1530,1853,1963,0.1354,0.1175,N,Y,1288,0.0303
RF01026,CrunchBite,Energy Drinks,2026-03-27,13,2026,MASS_MERCH,WEST,PLNT_DAL,1858,1866,2016,1979,2252,1804,2505,-0.1284,0.1504,N,N,1915,0.2015
RF01026,CrunchBite,Energy Drinks,2026-04-03,14,2026,ECOMM,SOUTHEAST,PLNT_DAL,1893,2109,1785,1857,1845,1593,2181,0.1024,0.0353,N,N,1989,0.0355
RF01026,CrunchBite,Energy Drinks,2026-04-10,15,2026,DRUG_STORE,NORTHEAST,PLNT_DAL,1734,1920,1648,1580,1648,1651,1208,0.1213,0.0844,Y,N,1902,-0.2206
RF01026,CrunchBite,Energy Drinks,2026-04-17,16,2026,MASS_MERCH,MIDWEST,PLNT_DAL,1807,1864,1788,1741,1619,1983,1975,0.0843,0.1405,N,N,1505,-0.0695
RF01026,CrunchBite,Energy Drinks,2026-04-24,17,2026,ECOMM,NORTHEAST,PLNT_DAL,1699,1896,1897,1823,1654,1690,2231,0.0336,0.1785,N,N,1624,0.1171
RF01026,CrunchBite,Energy Drinks,2026-05-01,18,2026,CLUB,SOUTHWEST,PLNT_DAL,1625,1458,1852,1773,1733,1665,2183,0.0209,0.1336,Y,N,1668,-0.0305
RF01026,CrunchBite,Energy Drinks,2026-05-08,19,2026,ECOMM,WEST,PLNT_DAL,1594,1776,1830,1827,1867,1608,2088,0.0074,0.1552,Y,Y,1601,0.005
RF01027,NatureNosh,Salty Snacks,2025-11-14,46,2025,CLUB,SOUTHEAST,PLNT_CHI,3417,3031,3193,3059,2904,3068,3839,0.1485,0.0759,N,N,3411,0.1637
RF01027,NatureNosh,Salty Snacks,2025-11-21,47,2025,CLUB,MIDWEST,PLNT_CHI,3579,3315,3375,3438,3885,2953,4023,0.0136,0.0892,Y,N,3483,0.0022
RF01027,NatureNosh,Salty Snacks,2025-11-28,48,2025,DRUG_STORE,SOUTHWEST,PLNT_CHI,3563,3367,3490,3353,3124,3199,4110,0.0558,0.1477,N,N,3211,-0.0789
RF01027,NatureNosh,Salty Snacks,2025-12-05,49,2025,DRUG_STORE,NORTHEAST,PLNT_CHI,3647,3977,4148,4160,3784,4690,4066,0.0784,0.1376,Y,N,3129,0.1228
RF01027,NatureNosh,Salty Snacks,2025-12-12,50,2025,ECOMM,MIDWEST,PLNT_CHI,3984,4164,4299,4175,4649,4314,3984,0.0302,0.0611,Y,N,4155,-0.0477
RF01027,NatureNosh,Salty Snacks,2025-12-19,51,2025,DRUG_STORE,MIDWEST,PLNT_CHI,4432,3979,4977,4938,5389,4420,3833,-0.0861,0.1014,N,N,4348,0.0414
RF01027,NatureNosh,Salty Snacks,2025-12-26,52,2025,ECOMM,NORTHEAST,PLNT_CHI,3802,3561,3442,3276,3659,3040,3918,-0.0437,0.0155,N,Y,4022,0.1863
RF01027,NatureNosh,Salty Snacks,2026-01-02,1,2026,CONV_STORE,SOUTHWEST,PLNT_CHI,4228,4534,4569,4466,4022,4976,4518,0.0351,0.1683,N,N,4466,0.0694
RF01027,NatureNosh,Salty Snacks,2026-01-09,2,2026,GROCERY,SOUTHEAST,PLNT_CHI,4582,5063,4241,4123,3740,3886,4594,-0.0621,0.0863,Y,N,4341,0.0688
RF01027,NatureNosh,Salty Snacks,2026-01-16,3,2026,GROCERY,NORTHEAST,PLNT_CHI,4830,5333,5395,5265,4698,4926,4684,-0.1185,0.0796,N,N,5650,-0.1566
RF01027,NatureNosh,Salty Snacks,2026-01-23,4,2026,DRUG_STORE,SOUTHWEST,PLNT_CHI,4081,3904,3823,3855,4062,3925,3382,-0.0002,0.051,N,N,4052,0.0593
RF01027,NatureNosh,Salty Snacks,2026-01-30,5,2026,MASS_MERCH,SOUTHEAST,PLNT_CHI,4585,4817,4531,4683,4967,3973,4739,0.0944,0.1409,N,N,4562,0.2139
RF01027,NatureNosh,Salty Snacks,2026-02-06,6,2026,CONV_STORE,SOUTHWEST,PLNT_CHI,3952,4200,4064,3988,4188,4554,3214,0.1437,0.2115,N,N,4142,0.2351
RF01027,NatureNosh,Salty Snacks,2026-02-13,7,2026,ECOMM,NORTHEAST,PLNT_CHI,4288,3844,4312,4392,4033,5063,5028,0.0974,0.1275,Y,Y,4565,0.2938
RF01027,NatureNosh,Salty Snacks,2026-02-20,8,2026,MASS_MERCH,SOUTHWEST,PLNT_CHI,4003,4413,3686,3660,3698,3707,2848,0.0384,0.1161,N,N,3879,0.0939
RF01027,NatureNosh,Salty Snacks,2026-02-27,9,2026,DRUG_STORE,NORTHEAST,PLNT_CHI,4112,4204,4245,4242,4484,4520,5337,0.0981,0.1238,Y,N,3397,0.0789
RF01027,NatureNosh,Salty Snacks,2026-03-06,10,2026,GROCERY,SOUTHEAST,PLNT_CHI,4314,4438,4654,4603,4928,5312,4106,0.054,0.1489,N,N,4480,0.2425
RF01027,NatureNosh,Salty Snacks,2026-03-13,11,2026,CONV_STORE,SOUTHEAST,PLNT_CHI,4121,4124,4430,4419,4084,4767,3704,-0.0154,0.0874,N,N,4002,0.155
RF01027,NatureNosh,Salty Snacks,2026-03-20,12,2026,GROCERY,WEST,PLNT_CHI,4805,5244,4529,4646,4513,4646,3486,0.0483,0.1674,Y,Y,5151,-0.057
RF01027,NatureNosh,Salty Snacks,2026-03-27,13,2026,GROCERY,MIDWEST,PLNT_CHI,4007,4010,4362,4482,4880,4246,4527,0.0757,0.0754,N,N,3940,0.1615
RF01027,NatureNosh,Salty Snacks,2026-04-03,14,2026,ECOMM,SOUTHWEST,PLNT_CHI,4114,3949,4235,4304,3913,4650,4889,-0.0398,0.285,N,N,3524,0.0832
RF01027,NatureNosh,Salty Snacks,2026-04-10,15,2026,CLUB,NORTHEAST,PLNT_CHI,3760,3977,4298,4237,3942,5011,4612,0.0208,0.24,N,N,3683,-0.0129
RF01027,NatureNosh,Salty Snacks,2026-04-17,16,2026,DRUG_STORE,WEST,PLNT_CHI,4214,3976,4507,4681,4627,5606,4278,-0.0053,0.1903,N,N,4101,0.0771
RF01027,NatureNosh,Salty Snacks,2026-04-24,17,2026,DRUG_STORE,SOUTHEAST,PLNT_CHI,3180,3403,3091,3236,3240,2838,4084,0.0786,0.0568,N,N,3561,-0.0844
RF01027,NatureNosh,Salty Snacks,2026-05-01,18,2026,CONV_STORE,NORTHEAST,PLNT_CHI,3860,3658,4046,3865,3833,4139,2900,0.0223,0.1195,N,N,4115,0.1514
RF01027,NatureNosh,Salty Snacks,2026-05-08,19,2026,MASS_MERCH,SOUTHWEST,PLNT_CHI,3740,3368,3619,3798,3920,3230,3289,-0.0261,0.0646,N,N,3624,0.0588
RF01028,RefreshCo,Salty Snacks,2025-11-14,46,2025,ECOMM,SOUTHEAST,PLNT_DAL,2995,2760,3021,3134,3314,2807,2575,-0.0318,0.0721,Y,N,3148,0.006
RF01028,RefreshCo,Salty Snacks,2025-11-21,47,2025,DRUG_STORE,MIDWEST,PLNT_DAL,2660,2899,2684,2587,2615,2794,2430,-0.0021,0.079,N,N,3098,0.1467
RF01028,RefreshCo,Salty Snacks,2025-11-28,48,2025,MASS_MERCH,WEST,PLNT_DAL,3236,2916,3026,3149,3190,2734,3268,0.0426,0.0742,N,N,3110,-0.0
RF01028,RefreshCo,Salty Snacks,2025-12-05,49,2025,GROCERY,MIDWEST,PLNT_DAL,3333,3632,3383,3232,3541,3448,2995,0.0254,0.1607,N,N,2747,0.0971
RF01028,RefreshCo,Salty Snacks,2025-12-12,50,2025,MASS_MERCH,WEST,PLNT_DAL,3038,3212,2774,2692,2887,2714,2337,-0.0996,0.0672,N,N,3632,-0.1696
RF01028,RefreshCo,Salty Snacks,2025-12-19,51,2025,ECOMM,NORTHEAST,PLNT_DAL,3346,3496,3107,2951,2995,2697,2375,0.0237,0.1904,N,N,3078,0.062
RF01028,RefreshCo,Salty Snacks,2025-12-26,52,2025,ECOMM,SOUTHWEST,PLNT_DAL,3069,2873,3412,3330,3674,3511,3260,0.0252,0.0949,N,N,2664,-0.0179
RF01028,RefreshCo,Salty Snacks,2026-01-02,1,2026,ECOMM,SOUTHWEST,PLNT_DAL,3242,3223,3152,3204,3125,2962,3058,-0.0805,0.1406,N,N,2961,-0.0875
RF01028,RefreshCo,Salty Snacks,2026-01-09,2,2026,CLUB,WEST,PLNT_DAL,3454,3520,3138,3185,3170,3710,2987,0.0744,0.1996,N,Y,2981,0.2306
RF01028,RefreshCo,Salty Snacks,2026-01-16,3,2026,ECOMM,NORTHEAST,PLNT_DAL,2988,2780,3363,3371,3119,2958,3700,0.0194,0.0586,N,N,3328,-0.0114
RF01028,RefreshCo,Salty Snacks,2026-01-23,4,2026,DRUG_STORE,WEST,PLNT_DAL,3184,2854,3533,3527,3708,3664,4378,-0.1322,0.1316,Y,N,3763,-0.1047
RF01028,RefreshCo,Salty Snacks,2026-01-30,5,2026,MASS_MERCH,SOUTHEAST,PLNT_DAL,3313,3236,3018,3124,2827,2687,3889,0.1105,0.0198,N,N,3621,0.0699
RF01028,RefreshCo,Salty Snacks,2026-02-06,6,2026,DRUG_STORE,NORTHEAST,PLNT_DAL,3543,3265,3979,4080,3656,3733,3140,0.191,0.12,N,N,2876,-0.0895
RF01028,RefreshCo,Salty Snacks,2026-02-13,7,2026,ECOMM,SOUTHEAST,PLNT_DAL,3585,3541,3345,3390,3155,3412,3762,0.0539,0.1351,N,N,4000,0.2352
RF01028,RefreshCo,Salty Snacks,2026-02-20,8,2026,MASS_MERCH,NORTHEAST,PLNT_DAL,3608,4006,3333,3177,3092,3097,3303,0.0291,0.1546,N,N,3813,0.0736
RF01028,RefreshCo,Salty Snacks,2026-02-27,9,2026,ECOMM,WEST,PLNT_DAL,3231,3285,3290,3241,3571,3644,3184,0.0236,0.0339,N,N,3253,-0.1332
RF01028,RefreshCo,Salty Snacks,2026-03-06,10,2026,CONV_STORE,MIDWEST,PLNT_DAL,3793,3384,3926,3738,3668,3573,4531,0.0757,0.1471,N,N,3819,0.1228
RF01028,RefreshCo,Salty Snacks,2026-03-13,11,2026,ECOMM,SOUTHWEST,PLNT_DAL,3494,3593,3621,3762,4226,4492,4123,-0.0245,0.1815,Y,N,2878,0.0653
RF01028,RefreshCo,Salty Snacks,2026-03-20,12,2026,GROCERY,SOUTHEAST,PLNT_DAL,3727,3574,4059,4226,4261,4759,4432,0.1613,0.0322,N,N,3087,-0.1052
RF01028,RefreshCo,Salty Snacks,2026-03-27,13,2026,MASS_MERCH,MIDWEST,PLNT_DAL,3353,3698,3761,3753,4008,3225,3802,0.0859,0.1286,N,N,3857,0.1501
RF01028,RefreshCo,Salty Snacks,2026-04-03,14,2026,ECOMM,SOUTHWEST,PLNT_DAL,3681,3262,4032,3909,4133,4301,4076,0.2033,0.2168,N,N,3573,0.1058
RF01028,RefreshCo,Salty Snacks,2026-04-10,15,2026,MASS_MERCH,MIDWEST,PLNT_DAL,3742,4098,4286,4229,4201,3560,3691,0.0854,0.0834,N,N,4180,-0.0055
RF01028,RefreshCo,Salty Snacks,2026-04-17,16,2026,GROCERY,NORTHEAST,PLNT_DAL,3056,2700,3300,3403,3106,3023,2631,-0.0817,0.0687,Y,N,3185,0.1819
RF01028,RefreshCo,Salty Snacks,2026-04-24,17,2026,DRUG_STORE,MIDWEST,PLNT_DAL,3476,3122,3345,3359,3739,3850,3308,0.0255,0.1013,N,N,3120,0.1485
RF01028,RefreshCo,Salty Snacks,2026-05-01,18,2026,DRUG_STORE,WEST,PLNT_DAL,3683,3719,3410,3357,3378,2852,4140,-0.0237,0.1596,N,N,3127,-0.0822
RF01028,RefreshCo,Salty Snacks,2026-05-08,19,2026,DRUG_STORE,NORTHEAST,PLNT_DAL,3473,3086,3329,3309,2930,3764,2955,-0.1191,0.0769,N,N,3965,-0.0134
RF01029,SweetWave,Salty Snacks,2025-11-14,46,2025,DRUG_STORE,WEST,PLNT_DAL,8517,7585,8103,7847,7011,7344,8137,-0.0399,0.1121,N,N,9957,0.0625
RF01029,SweetWave,Salty Snacks,2025-11-21,47,2025,ECOMM,SOUTHWEST,PLNT_DAL,9174,9374,9993,9834,10867,10988,12215,-0.0601,0.1216,N,N,10761,-0.1778
RF01029,SweetWave,Salty Snacks,2025-11-28,48,2025,ECOMM,MIDWEST,PLNT_DAL,8060,8127,8108,8285,7640,7994,9487,0.2585,0.1484,Y,N,9513,0.0109
RF01029,SweetWave,Salty Snacks,2025-12-05,49,2025,ECOMM,MIDWEST,PLNT_DAL,8987,9079,8846,8752,8524,9369,10193,0.0511,0.1504,Y,N,8343,-0.1126
RF01029,SweetWave,Salty Snacks,2025-12-12,50,2025,CONV_STORE,SOUTHWEST,PLNT_DAL,8733,8654,8820,8790,9192,9066,8496,0.07,0.0986,N,N,10316,0.0166
RF01029,SweetWave,Salty Snacks,2025-12-19,51,2025,MASS_MERCH,SOUTHEAST,PLNT_DAL,8499,9083,8200,8195,7524,8644,6361,0.0426,0.1327,N,N,8770,0.0621
RF01029,SweetWave,Salty Snacks,2025-12-26,52,2025,CONV_STORE,NORTHEAST,PLNT_DAL,9911,8866,10690,10432,11020,11953,9777,0.0531,0.1039,N,N,9688,-0.1194
RF01029,SweetWave,Salty Snacks,2026-01-02,1,2026,DRUG_STORE,NORTHEAST,PLNT_DAL,8747,8381,8684,8964,9384,10333,7402,0.0159,0.0711,N,N,9278,0.2274
RF01029,SweetWave,Salty Snacks,2026-01-09,2,2026,MASS_MERCH,WEST,PLNT_DAL,7773,8000,7307,6974,6183,7332,8217,0.0595,0.0157,N,N,7288,0.0258
RF01029,SweetWave,Salty Snacks,2026-01-16,3,2026,CLUB,NORTHEAST,PLNT_DAL,9609,8531,10392,10268,11585,12160,13101,0.1671,0.0725,N,N,9758,-0.1278
RF01029,SweetWave,Salty Snacks,2026-01-23,4,2026,ECOMM,SOUTHWEST,PLNT_DAL,10303,11040,10836,11008,10594,9842,11612,0.1334,0.1654,N,N,9193,-0.0168
RF01029,SweetWave,Salty Snacks,2026-01-30,5,2026,DRUG_STORE,MIDWEST,PLNT_DAL,8929,9342,9029,9442,8504,9753,7464,0.2168,0.0752,Y,N,7963,0.1451
RF01029,SweetWave,Salty Snacks,2026-02-06,6,2026,CLUB,WEST,PLNT_DAL,10370,11429,9968,10375,10926,10894,12157,-0.1877,0.1036,N,N,8911,0.0904
RF01029,SweetWave,Salty Snacks,2026-02-13,7,2026,MASS_MERCH,NORTHEAST,PLNT_DAL,8456,7843,7990,7953,7864,8834,8963,0.026,0.0928,N,N,6845,0.0504
RF01029,SweetWave,Salty Snacks,2026-02-20,8,2026,DRUG_STORE,MIDWEST,PLNT_DAL,9760,9794,10075,9962,9096,10807,8746,0.047,0.1054,N,N,10184,0.1447
RF01029,SweetWave,Salty Snacks,2026-02-27,9,2026,DRUG_STORE,SOUTHWEST,PLNT_DAL,10364,9303,11713,12239,13127,12062,14093,0.1002,0.0899,N,N,11691,-0.1456
RF01029,SweetWave,Salty Snacks,2026-03-06,10,2026,DRUG_STORE,SOUTHWEST,PLNT_DAL,9323,8221,9772,9941,9576,8819,11262,0.0173,0.1011,Y,N,7638,0.2432
RF01029,SweetWave,Salty Snacks,2026-03-13,11,2026,DRUG_STORE,MIDWEST,PLNT_DAL,8936,8953,10115,9897,10658,11701,7642,0.0092,0.2368,N,N,8143,-0.044
RF01029,SweetWave,Salty Snacks,2026-03-20,12,2026,DRUG_STORE,SOUTHWEST,PLNT_DAL,9943,9578,9360,9161,8594,8101,11430,-0.0277,0.1152,Y,N,9062,0.2035
RF01029,SweetWave,Salty Snacks,2026-03-27,13,2026,GROCERY,WEST,PLNT_DAL,10123,10144,9538,9631,9822,8611,9716,0.0775,0.1453,N,N,9825,-0.0635
RF01029,SweetWave,Salty Snacks,2026-04-03,14,2026,GROCERY,SOUTHWEST,PLNT_DAL,9187,9085,10376,10600,11777,10678,8438,0.0341,0.1516,N,N,10302,0.1135
RF01029,SweetWave,Salty Snacks,2026-04-10,15,2026,DRUG_STORE,WEST,PLNT_DAL,9372,8414,8802,8657,9130,7342,9649,-0.0367,0.1331,Y,N,9451,0.019
RF01029,SweetWave,Salty Snacks,2026-04-17,16,2026,CLUB,NORTHEAST,PLNT_DAL,9563,10337,10103,10556,9964,11007,12796,0.1152,0.1274,N,N,8366,0.1178
RF01029,SweetWave,Salty Snacks,2026-04-24,17,2026,CLUB,SOUTHEAST,PLNT_DAL,8900,9187,8207,8220,7240,6950,8594,0.0209,0.1297,N,N,8473,0.1126
RF01029,SweetWave,Salty Snacks,2026-05-01,18,2026,CONV_STORE,SOUTHEAST,PLNT_DAL,8399,8367,8938,8652,9582,9290,8736,-0.0374,0.0646,N,N,7454,-0.0781
RF01029,SweetWave,Salty Snacks,2026-05-08,19,2026,MASS_MERCH,SOUTHWEST,PLNT_DAL,10166,10809,10215,10161,9247,10126,9338,-0.0194,0.1901,N,N,10099,0.1613
RF01030,CrunchBite,Salty Snacks,2025-11-14,46,2025,DRUG_STORE,NORTHEAST,PLNT_DAL,10070,9509,9604,9941,10201,9372,11012,0.0021,0.0274,N,N,8276,0.1556
RF01030,CrunchBite,Salty Snacks,2025-11-21,47,2025,MASS_MERCH,WEST,PLNT_DAL,9855,10177,8981,8933,9894,9144,10390,0.0251,0.2412,N,N,10011,0.2414
RF01030,CrunchBite,Salty Snacks,2025-11-28,48,2025,CONV_STORE,WEST,PLNT_DAL,10700,10389,11717,11521,10328,9662,9925,0.0149,0.0499,N,N,11632,-0.037
RF01030,CrunchBite,Salty Snacks,2025-12-05,49,2025,MASS_MERCH,NORTHEAST,PLNT_DAL,10666,10343,10701,10757,9567,8902,13428,0.066,0.1683,N,N,9818,0.1126
RF01030,CrunchBite,Salty Snacks,2025-12-12,50,2025,DRUG_STORE,SOUTHWEST,PLNT_DAL,11126,10451,10771,10365,9474,11416,9256,0.1566,0.1402,N,N,10749,0.0639
RF01030,CrunchBite,Salty Snacks,2025-12-19,51,2025,DRUG_STORE,SOUTHEAST,PLNT_DAL,12493,12807,11717,11993,13146,13750,13982,0.0339,0.0318,N,N,10492,0.1297
RF01030,CrunchBite,Salty Snacks,2025-12-26,52,2025,DRUG_STORE,WEST,PLNT_DAL,12264,11900,12354,12010,11438,11146,13481,-0.0001,0.0611,N,N,14478,0.0351
RF01030,CrunchBite,Salty Snacks,2026-01-02,1,2026,MASS_MERCH,SOUTHWEST,PLNT_DAL,11621,11487,12137,11560,11284,11953,12608,-0.1063,0.0659,N,N,10083,0.2299
RF01030,CrunchBite,Salty Snacks,2026-01-09,2,2026,DRUG_STORE,WEST,PLNT_DAL,12233,11498,11441,11574,12360,11982,10106,-0.0497,0.125,N,N,10523,-0.0509
RF01030,CrunchBite,Salty Snacks,2026-01-16,3,2026,ECOMM,SOUTHWEST,PLNT_DAL,11442,11185,10313,10509,10738,9867,11513,0.113,0.0789,N,N,13697,0.2096
RF01030,CrunchBite,Salty Snacks,2026-01-23,4,2026,MASS_MERCH,WEST,PLNT_DAL,12255,12841,12180,12492,13422,11032,12266,0.0385,0.1367,N,N,13741,0.0341
RF01030,CrunchBite,Salty Snacks,2026-01-30,5,2026,DRUG_STORE,MIDWEST,PLNT_DAL,10906,11029,10904,10682,11399,12332,9546,0.0307,0.0647,N,N,9990,0.2663
RF01030,CrunchBite,Salty Snacks,2026-02-06,6,2026,DRUG_STORE,SOUTHWEST,PLNT_DAL,11660,12924,11576,11696,10932,11058,13401,-0.1123,0.2575,Y,N,11538,0.0334
RF01030,CrunchBite,Salty Snacks,2026-02-13,7,2026,CLUB,SOUTHEAST,PLNT_DAL,12052,11966,13839,13154,12257,11255,13062,0.0658,0.1896,N,N,12709,0.1342
RF01030,CrunchBite,Salty Snacks,2026-02-20,8,2026,DRUG_STORE,WEST,PLNT_DAL,12766,11277,12104,11842,12666,11363,13695,-0.0292,0.1905,N,N,13239,-0.0218
RF01030,CrunchBite,Salty Snacks,2026-02-27,9,2026,ECOMM,WEST,PLNT_DAL,12706,11725,13225,12731,13337,12292,13432,0.0537,0.1695,N,N,13294,-0.0902
RF01030,CrunchBite,Salty Snacks,2026-03-06,10,2026,ECOMM,SOUTHEAST,PLNT_DAL,12728,11208,12192,11846,10865,11854,8886,-0.0096,0.2602,Y,N,12348,0.1891
RF01030,CrunchBite,Salty Snacks,2026-03-13,11,2026,DRUG_STORE,SOUTHWEST,PLNT_DAL,11720,12451,11253,11132,10823,12675,10219,0.032,0.1921,Y,N,12347,0.1172
RF01030,CrunchBite,Salty Snacks,2026-03-20,12,2026,CONV_STORE,NORTHEAST,PLNT_DAL,12210,12026,12337,12577,12892,12394,11753,0.0638,0.1765,N,N,13325,0.0581
RF01030,CrunchBite,Salty Snacks,2026-03-27,13,2026,MASS_MERCH,NORTHEAST,PLNT_DAL,12432,13917,14108,13942,12978,13344,11896,0.1198,0.0741,N,N,12445,-0.0152
RF01030,CrunchBite,Salty Snacks,2026-04-03,14,2026,CLUB,MIDWEST,PLNT_DAL,12723,13172,13491,13353,12702,11239,14064,0.0252,0.2137,N,N,12491,0.0763
RF01030,CrunchBite,Salty Snacks,2026-04-10,15,2026,CONV_STORE,NORTHEAST,PLNT_DAL,12621,13067,13080,12561,13055,13704,14118,0.1382,0.1719,Y,N,10699,0.2499
RF01030,CrunchBite,Salty Snacks,2026-04-17,16,2026,MASS_MERCH,WEST,PLNT_DAL,10943,10455,12195,11923,12778,11284,13188,0.0639,0.2235,Y,N,11915,-0.1111
RF01030,CrunchBite,Salty Snacks,2026-04-24,17,2026,GROCERY,NORTHEAST,PLNT_DAL,11798,12263,11846,12044,11202,13360,9974,0.0301,0.1161,Y,N,12688,0.1135
RF01030,CrunchBite,Salty Snacks,2026-05-01,18,2026,ECOMM,MIDWEST,PLNT_DAL,10918,11814,12394,12159,11072,12124,14507,0.0813,0.2387,Y,N,9531,0.1826
RF01030,CrunchBite,Salty Snacks,2026-05-08,19,2026,GROCERY,SOUTHEAST,PLNT_DAL,12166,12535,11010,10645,11133,10591,12932,0.0561,0.1682,N,N,13940,0.0041
RF01032,ZingEnergy,Salty Snacks,2025-11-14,46,2025,MASS_MERCH,MIDWEST,PLNT_ATL,3278,3104,3413,3383,3754,3001,3066,0.0653,0.1048,N,N,3079,-0.049
RF01032,ZingEnergy,Salty Snacks,2025-11-21,47,2025,ECOMM,SOUTHWEST,PLNT_ATL,3311,3415,3668,3498,3219,3624,4465,-0.048,0.0409,N,N,3101,0.1098
RF01032,ZingEnergy,Salty Snacks,2025-11-28,48,2025,MASS_MERCH,MIDWEST,PLNT_ATL,3824,4047,3698,3702,3467,3402,4585,0.0001,0.0357,N,N,3553,0.0219
RF01032,ZingEnergy,Salty Snacks,2025-12-05,49,2025,CONV_STORE,NORTHEAST,PLNT_ATL,3260,3573,3196,3069,2827,3071,2849,-0.0257,0.1517,N,N,3320,-0.0042
RF01032,ZingEnergy,Salty Snacks,2025-12-12,50,2025,CLUB,SOUTHWEST,PLNT_ATL,3634,3735,3809,3883,3895,3543,4400,-0.066,0.0645,N,Y,4257,-0.0416
RF01032,ZingEnergy,Salty Snacks,2025-12-19,51,2025,CONV_STORE,WEST,PLNT_ATL,3733,4115,3460,3434,3379,2853,3507,0.206,0.2306,N,N,3282,-0.0774
RF01032,ZingEnergy,Salty Snacks,2025-12-26,52,2025,GROCERY,MIDWEST,PLNT_ATL,4113,3747,4044,4229,4593,3695,3947,-0.003,0.0671,N,N,3573,0.1211
RF01032,ZingEnergy,Salty Snacks,2026-01-02,1,2026,MASS_MERCH,WEST,PLNT_ATL,3707,4025,3740,3823,4204,3678,3834,0.0678,0.0821,N,N,4319,0.1521
RF01032,ZingEnergy,Salty Snacks,2026-01-09,2,2026,MASS_MERCH,MIDWEST,PLNT_ATL,3575,3751,3899,3741,4034,3257,4338,-0.1115,0.209,N,N,3423,-0.0928
RF01032,ZingEnergy,Salty Snacks,2026-01-16,3,2026,ECOMM,SOUTHEAST,PLNT_ATL,4072,4306,4261,4142,4471,3977,3852,0.0603,0.1566,N,N,4309,-0.1077
RF01032,ZingEnergy,Salty Snacks,2026-01-23,4,2026,CLUB,SOUTHEAST,PLNT_ATL,3947,3673,3981,3917,3880,3636,3740,0.0594,0.1269,N,N,3415,0.0112
RF01032,ZingEnergy,Salty Snacks,2026-01-30,5,2026,GROCERY,SOUTHWEST,PLNT_ATL,3678,3647,3386,3449,3755,2844,3169,-0.1182,0.0673,N,N,4354,-0.0134
RF01032,ZingEnergy,Salty Snacks,2026-02-06,6,2026,ECOMM,SOUTHWEST,PLNT_ATL,3542,3374,3416,3461,3497,3865,3901,0.0996,0.2094,Y,N,3434,-0.226
RF01032,ZingEnergy,Salty Snacks,2026-02-13,7,2026,CLUB,WEST,PLNT_ATL,3909,3514,3524,3681,3486,3738,3959,-0.1414,0.1645,N,Y,4484,-0.0522
RF01032,ZingEnergy,Salty Snacks,2026-02-20,8,2026,CLUB,MIDWEST,PLNT_ATL,3804,3894,3774,3745,4042,3104,3339,0.0263,0.1033,N,N,3097,0.1601
RF01032,ZingEnergy,Salty Snacks,2026-02-27,9,2026,ECOMM,NORTHEAST,PLNT_ATL,4164,4195,4160,4024,3673,3520,4070,0.1038,0.1632,N,N,4861,-0.029
RF01032,ZingEnergy,Salty Snacks,2026-03-06,10,2026,CONV_STORE,MIDWEST,PLNT_ATL,4308,4639,4490,4283,3811,4503,4855,-0.0857,0.1306,N,N,4028,-0.0112
RF01032,ZingEnergy,Salty Snacks,2026-03-13,11,2026,CLUB,NORTHEAST,PLNT_ATL,3701,3612,3501,3587,3937,3532,2911,-0.0314,0.1367,N,N,4225,0.1271
RF01032,ZingEnergy,Salty Snacks,2026-03-20,12,2026,DRUG_STORE,MIDWEST,PLNT_ATL,3822,3706,3891,3992,4288,4454,3579,0.1632,0.0813,N,N,3474,-0.104
RF01032,ZingEnergy,Salty Snacks,2026-03-27,13,2026,ECOMM,MIDWEST,PLNT_ATL,3735,3658,3482,3400,3077,3078,3827,0.0286,0.1349,N,N,3676,0.2023
RF01032,ZingEnergy,Salty Snacks,2026-04-03,14,2026,CONV_STORE,MIDWEST,PLNT_ATL,3455,3489,3520,3540,3409,4009,2939,0.0714,0.163,N,N,3303,-0.0718
RF01032,ZingEnergy,Salty Snacks,2026-04-10,15,2026,CONV_STORE,NORTHEAST,PLNT_ATL,3408,3466,3134,3129,2922,3736,2959,0.0874,0.1064,N,Y,3578,0.1409
RF01032,ZingEnergy,Salty Snacks,2026-04-17,16,2026,CONV_STORE,WEST,PLNT_ATL,3760,3698,4320,4114,4416,4920,3903,0.0845,0.0631,N,N,3603,0.0126
RF01032,ZingEnergy,Salty Snacks,2026-04-24,17,2026,CLUB,SOUTHWEST,PLNT_ATL,3628,3444,4049,4157,4252,3964,3597,0.0576,0.1593,N,N,3866,-0.0168
RF01032,ZingEnergy,Salty Snacks,2026-05-01,18,2026,MASS_MERCH,SOUTHWEST,PLNT_ATL,3420,3531,3507,3518,3548,3504,4178,-0.0845,0.0094,Y,N,3464,0.1251
RF01032,ZingEnergy,Salty Snacks,2026-05-08,19,2026,CLUB,SOUTHWEST,PLNT_ATL,3364,3099,3790,3745,4244,3654,4071,0.0972,0.096,N,N,3497,-0.0045
RF01033,RefreshCo,Salty Snacks,2025-11-14,46,2025,CONV_STORE,NORTHEAST,PLNT_LAX,8414,8553,8565,8214,8815,9493,9008,0.0741,0.0066,N,N,7973,-0.0369
RF01033,RefreshCo,Salty Snacks,2025-11-21,47,2025,CONV_STORE,NORTHEAST,PLNT_LAX,9116,10072,10304,10121,11260,9095,10064,-0.0152,0.1225,N,N,10840,0.2031
RF01033,RefreshCo,Salty Snacks,2025-11-28,48,2025,MASS_MERCH,SOUTHEAST,PLNT_LAX,8796,9015,8644,9007,9008,10679,6788,0.0199,0.2083,N,N,10070,0.0764
RF01033,RefreshCo,Salty Snacks,2025-12-05,49,2025,ECOMM,WEST,PLNT_LAX,9883,9313,10663,10258,10933,10120,12193,0.0556,0.222,N,N,8064,0.1204
RF01033,RefreshCo,Salty Snacks,2025-12-12,50,2025,GROCERY,SOUTHEAST,PLNT_LAX,8440,8701,8524,8768,9646,9715,9270,0.1282,0.1448,N,N,7231,-0.1455
RF01033,RefreshCo,Salty Snacks,2025-12-19,51,2025,DRUG_STORE,SOUTHWEST,PLNT_LAX,9803,9248,9631,9817,10559,10873,9144,0.1118,0.1,N,N,8921,-0.0598
RF01033,RefreshCo,Salty Snacks,2025-12-26,52,2025,ECOMM,MIDWEST,PLNT_LAX,10310,10363,9345,9700,10336,9084,10955,0.0298,0.0734,N,N,8884,-0.0022
RF01033,RefreshCo,Salty Snacks,2026-01-02,1,2026,MASS_MERCH,NORTHEAST,PLNT_LAX,10303,10568,11485,11206,12340,11672,9285,-0.0195,0.1769,N,N,10372,0.0486
RF01033,RefreshCo,Salty Snacks,2026-01-09,2,2026,ECOMM,MIDWEST,PLNT_LAX,9119,10152,9674,9758,9914,9403,12107,0.0448,0.0477,N,N,8680,-0.1549
RF01033,RefreshCo,Salty Snacks,2026-01-16,3,2026,ECOMM,NORTHEAST,PLNT_LAX,10468,9776,9961,9612,10082,9183,9548,-0.0055,0.2314,N,N,11653,-0.0962
RF01033,RefreshCo,Salty Snacks,2026-01-23,4,2026,GROCERY,MIDWEST,PLNT_LAX,10317,9580,10998,10886,11015,10049,13712,0.0113,0.1625,Y,N,10096,-0.0824
RF01033,RefreshCo,Salty Snacks,2026-01-30,5,2026,MASS_MERCH,SOUTHEAST,PLNT_LAX,10451,11196,9883,10314,10925,10244,7955,0.0114,0.0612,Y,N,11833,-0.0563
RF01033,RefreshCo,Salty Snacks,2026-02-06,6,2026,ECOMM,WEST,PLNT_LAX,12225,12291,11188,10883,10927,9330,13247,0.0873,0.2206,Y,N,11940,0.1069
RF01033,RefreshCo,Salty Snacks,2026-02-13,7,2026,GROCERY,WEST,PLNT_LAX,10877,11110,11416,11187,11094,13020,12659,0.0255,0.0395,N,N,11988,0.1007
RF01033,RefreshCo,Salty Snacks,2026-02-20,8,2026,CONV_STORE,WEST,PLNT_LAX,11703,11442,11324,11472,11536,10644,12527,0.017,0.1134,N,N,11717,0.1873
RF01033,RefreshCo,Salty Snacks,2026-02-27,9,2026,ECOMM,SOUTHWEST,PLNT_LAX,11121,11805,10515,9996,10085,8875,11525,-0.0077,0.1076,N,N,11952,-0.0073
RF01033,RefreshCo,Salty Snacks,2026-03-06,10,2026,CONV_STORE,MIDWEST,PLNT_LAX,11560,10474,11073,10859,11719,10851,12085,-0.0271,0.157,N,N,10135,0.0037
RF01033,RefreshCo,Salty Snacks,2026-03-13,11,2026,ECOMM,SOUTHWEST,PLNT_LAX,11135,10220,11865,11658,12239,13053,13561,0.0498,0.1031,N,N,10260,0.3168
RF01033,RefreshCo,Salty Snacks,2026-03-20,12,2026,DRUG_STORE,WEST,PLNT_LAX,11781,11368,12797,12732,12506,12458,14692,0.077,0.0101,N,N,14019,0.219
RF01033,RefreshCo,Salty Snacks,2026-03-27,13,2026,CONV_STORE,MIDWEST,PLNT_LAX,11467,12029,10918,11154,9884,10958,10626,0.0042,0.0281,N,N,11192,-0.0302
RF01033,RefreshCo,Salty Snacks,2026-04-03,14,2026,ECOMM,SOUTHWEST,PLNT_LAX,11406,10476,12326,12870,14511,15183,14981,0.0511,0.0028,N,N,13627,0.2338
RF01033,RefreshCo,Salty Snacks,2026-04-10,15,2026,DRUG_STORE,MIDWEST,PLNT_LAX,11233,10036,11072,11113,10100,9679,12751,0.0056,0.0732,N,N,9662,0.225
RF01033,RefreshCo,Salty Snacks,2026-04-17,16,2026,CLUB,MIDWEST,PLNT_LAX,11250,10137,10814,10892,11161,12314,12149,0.0709,0.1853,N,N,12325,0.1989
RF01033,RefreshCo,Salty Snacks,2026-04-24,17,2026,CONV_STORE,SOUTHWEST,PLNT_LAX,11865,12641,12895,12527,11765,11996,10716,-0.0001,0.1657,N,N,10157,0.0234
RF01033,RefreshCo,Salty Snacks,2026-05-01,18,2026,GROCERY,WEST,PLNT_LAX,10856,11653,11936,12331,12048,12762,15755,-0.0458,0.238,N,N,9912,-0.021
RF01033,RefreshCo,Salty Snacks,2026-05-08,19,2026,GROCERY,WEST,PLNT_LAX,11069,9941,10217,10276,9465,10431,12344,0.0458,0.0597,N,N,9178,-0.0204
RF01034,NatureNosh,Salty Snacks,2025-11-14,46,2025,MASS_MERCH,WEST,PLNT_ATL,7750,8669,7269,7145,6918,7291,7981,0.0559,0.1473,Y,N,6219,-0.0755
RF01034,NatureNosh,Salty Snacks,2025-11-21,47,2025,MASS_MERCH,WEST,PLNT_ATL,9320,8705,9383,9156,9663,8644,9088,0.0062,0.0679,N,N,10737,-0.1373
RF01034,NatureNosh,Salty Snacks,2025-11-28,48,2025,GROCERY,WEST,PLNT_ATL,9730,10367,9258,8963,9290,10226,10425,-0.0141,0.0245,N,N,8679,-0.0344
RF01034,NatureNosh,Salty Snacks,2025-12-05,49,2025,MASS_MERCH,MIDWEST,PLNT_ATL,9846,9667,9528,9943,8820,11469,12433,0.0857,0.2244,Y,N,11240,0.2439
RF01034,NatureNosh,Salty Snacks,2025-12-12,50,2025,ECOMM,NORTHEAST,PLNT_ATL,9979,9831,9476,9732,8799,8627,12009,0.0446,0.1151,N,N,9935,-0.0204
RF01034,NatureNosh,Salty Snacks,2025-12-19,51,2025,ECOMM,MIDWEST,PLNT_ATL,9313,8903,8826,9254,9293,9377,11574,-0.0615,0.1784,N,N,7823,0.0519
RF01034,NatureNosh,Salty Snacks,2025-12-26,52,2025,MASS_MERCH,NORTHEAST,PLNT_ATL,9999,8955,11363,11535,12101,13009,14006,0.073,0.2741,N,N,8180,0.0708
RF01034,NatureNosh,Salty Snacks,2026-01-02,1,2026,DRUG_STORE,NORTHEAST,PLNT_ATL,10765,9497,11084,10685,9572,12019,12919,-0.0209,0.0893,N,N,9354,-0.0581
RF01034,NatureNosh,Salty Snacks,2026-01-09,2,2026,GROCERY,SOUTHEAST,PLNT_ATL,12223,12932,13476,13046,11582,11709,12575,-0.0608,0.0395,N,Y,9904,0.2047
RF01034,NatureNosh,Salty Snacks,2026-01-16,3,2026,ECOMM,SOUTHWEST,PLNT_ATL,11588,12241,10847,10746,11586,11762,9026,0.0361,0.1649,Y,N,9577,0.1054
RF01034,NatureNosh,Salty Snacks,2026-01-23,4,2026,ECOMM,NORTHEAST,PLNT_ATL,11733,11493,13194,13115,12603,13094,16112,0.0025,0.1808,N,N,12748,0.1665
RF01034,NatureNosh,Salty Snacks,2026-01-30,5,2026,MASS_MERCH,SOUTHEAST,PLNT_ATL,10146,11003,9629,9358,8783,7965,7488,0.0385,0.0169,Y,N,8866,0.1823
RF01034,NatureNosh,Salty Snacks,2026-02-06,6,2026,ECOMM,MIDWEST,PLNT_ATL,10997,12247,11734,11757,12669,10229,11447,-0.0401,0.0782,N,Y,12782,-0.094
RF01034,NatureNosh,Salty Snacks,2026-02-13,7,2026,GROCERY,SOUTHEAST,PLNT_ATL,11252,10436,10639,10259,9459,9669,10804,0.0366,0.0652,N,N,11599,0.0512
RF01034,NatureNosh,Salty Snacks,2026-02-20,8,2026,CONV_STORE,WEST,PLNT_ATL,11064,11386,11467,11028,12353,10456,13487,0.0365,0.1164,N,N,11786,0.2575
RF01034,NatureNosh,Salty Snacks,2026-02-27,9,2026,CLUB,NORTHEAST,PLNT_ATL,11259,11310,10310,10171,11501,8828,8852,-0.0437,0.0919,N,N,12940,0.0554
RF01034,NatureNosh,Salty Snacks,2026-03-06,10,2026,ECOMM,SOUTHEAST,PLNT_ATL,11349,12668,10449,10832,10651,12756,13856,0.1002,0.159,Y,Y,12408,0.2561
RF01034,NatureNosh,Salty Snacks,2026-03-13,11,2026,ECOMM,MIDWEST,PLNT_ATL,11090,10163,12365,12395,12646,13431,15847,0.1061,0.1376,N,N,12682,0.1011
RF01034,NatureNosh,Salty Snacks,2026-03-20,12,2026,DRUG_STORE,SOUTHEAST,PLNT_ATL,11829,12442,12245,12802,12192,15163,16039,0.2028,0.0828,N,N,11677,0.2871
RF01034,NatureNosh,Salty Snacks,2026-03-27,13,2026,CONV_STORE,SOUTHEAST,PLNT_ATL,12572,11064,12104,12171,13631,12815,15316,0.1624,0.1775,Y,N,13902,0.0848
RF01034,NatureNosh,Salty Snacks,2026-04-03,14,2026,DRUG_STORE,WEST,PLNT_ATL,12110,11361,13279,13472,12532,15318,10607,-0.164,0.167,N,N,13270,0.018
RF01034,NatureNosh,Salty Snacks,2026-04-10,15,2026,GROCERY,NORTHEAST,PLNT_ATL,11862,11700,12669,12999,13198,13248,15065,0.0043,0.0845,N,N,12057,-0.0106
RF01034,NatureNosh,Salty Snacks,2026-04-17,16,2026,CONV_STORE,NORTHEAST,PLNT_ATL,11184,12204,12174,12441,12182,14414,10074,-0.0095,0.0422,N,N,12501,0.0732
RF01034,NatureNosh,Salty Snacks,2026-04-24,17,2026,ECOMM,MIDWEST,PLNT_ATL,11417,10329,13122,13257,12497,15152,13417,-0.037,0.1009,Y,N,12649,-0.0819
RF01034,NatureNosh,Salty Snacks,2026-05-01,18,2026,CLUB,MIDWEST,PLNT_ATL,11872,13025,12585,12369,14046,10533,9939,-0.0887,0.1354,N,N,12658,-0.044
RF01034,NatureNosh,Salty Snacks,2026-05-08,19,2026,DRUG_STORE,WEST,PLNT_ATL,12094,12699,12579,13003,13197,15234,12388,0.1047,0.0556,N,N,12459,-0.0556
RF01036,CrunchBite,Salty Snacks,2025-11-14,46,2025,CLUB,NORTHEAST,PLNT_DAL,3153,3311,3313,3417,3315,3825,4106,0.1251,0.0546,N,N,3314,-0.0249
RF01036,CrunchBite,Salty Snacks,2025-11-21,47,2025,CONV_STORE,NORTHEAST,PLNT_DAL,3274,2901,3410,3247,3104,3171,2484,-0.0972,0.0016,N,N,3080,0.108
RF01036,CrunchBite,Salty Snacks,2025-11-28,48,2025,CLUB,MIDWEST,PLNT_DAL,3475,3711,3409,3476,3753,3062,3635,0.0062,0.1767,N,N,3865,-0.0912
RF01036,CrunchBite,Salty Snacks,2025-12-05,49,2025,MASS_MERCH,MIDWEST,PLNT_DAL,3510,3163,3467,3480,3812,2987,3941,0.1031,0.0867,N,N,3345,-0.0399
RF01036,CrunchBite,Salty Snacks,2025-12-12,50,2025,MASS_MERCH,SOUTHEAST,PLNT_DAL,3442,3318,3791,3941,3798,3398,4171,0.1449,0.1983,N,N,3494,-0.061
RF01036,CrunchBite,Salty Snacks,2025-12-19,51,2025,CLUB,SOUTHWEST,PLNT_DAL,3287,3049,3032,3061,3371,2679,2847,0.0938,0.1005,N,N,3597,0.091
RF01036,CrunchBite,Salty Snacks,2025-12-26,52,2025,MASS_MERCH,SOUTHWEST,PLNT_DAL,3915,4021,4473,4394,4810,4013,3656,-0.0803,0.1339,Y,N,3474,0.0387
RF01036,CrunchBite,Salty Snacks,2026-01-02,1,2026,GROCERY,WEST,PLNT_DAL,3879,4169,3632,3558,3578,3511,3717,-0.0409,0.1592,Y,N,3723,0.0392
RF01036,CrunchBite,Salty Snacks,2026-01-09,2,2026,CONV_STORE,MIDWEST,PLNT_DAL,3367,3275,3250,3346,3319,3207,4150,-0.0588,0.1272,Y,N,3126,0.1889
RF01036,CrunchBite,Salty Snacks,2026-01-16,3,2026,ECOMM,SOUTHWEST,PLNT_DAL,4012,4296,4191,4021,4098,3457,4776,-0.0901,0.1277,N,N,4527,0.15
RF01036,CrunchBite,Salty Snacks,2026-01-23,4,2026,ECOMM,SOUTHWEST,PLNT_DAL,3944,4262,4003,3978,3567,4767,3030,0.0825,0.0375,N,N,4269,0.0953
RF01036,CrunchBite,Salty Snacks,2026-01-30,5,2026,CLUB,NORTHEAST,PLNT_DAL,4160,4614,4031,3931,4188,3956,4415,0.0492,0.2844,Y,N,4223,-0.0836
RF01036,CrunchBite,Salty Snacks,2026-02-06,6,2026,MASS_MERCH,WEST,PLNT_DAL,3934,3999,4402,4598,5218,4795,5550,-0.0438,0.1395,N,N,4366,0.0328
RF01036,CrunchBite,Salty Snacks,2026-02-13,7,2026,ECOMM,SOUTHEAST,PLNT_DAL,4138,4052,3890,3771,4137,3134,4684,0.0325,0.1128,Y,N,4470,-0.0668
RF01036,CrunchBite,Salty Snacks,2026-02-20,8,2026,MASS_MERCH,NORTHEAST,PLNT_DAL,3948,3835,4021,4160,3997,3691,4068,-0.1129,0.1197,N,N,3713,0.0923
RF01036,CrunchBite,Salty Snacks,2026-02-27,9,2026,ECOMM,NORTHEAST,PLNT_DAL,4080,4032,3767,3675,4172,3096,3483,-0.0064,0.1957,N,Y,3891,0.3093
RF01036,CrunchBite,Salty Snacks,2026-03-06,10,2026,MASS_MERCH,WEST,PLNT_DAL,4623,4693,5153,5387,5438,5512,6826,0.05,0.1946,Y,N,4025,0.1441
RF01036,CrunchBite,Salty Snacks,2026-03-13,11,2026,DRUG_STORE,NORTHEAST,PLNT_DAL,3781,4027,3882,4004,4171,4706,4887,0.0763,0.1282,N,N,3187,-0.0185
RF01036,CrunchBite,Salty Snacks,2026-03-20,12,2026,MASS_MERCH,WEST,PLNT_DAL,4063,3738,3757,3641,4075,4283,4522,-0.0775,0.0631,N,N,4151,0.0046
RF01036,CrunchBite,Salty Snacks,2026-03-27,13,2026,DRUG_STORE,NORTHEAST,PLNT_DAL,4075,3820,4500,4359,4242,5092,5397,0.0849,0.1691,N,N,3421,-0.2041
RF01036,CrunchBite,Salty Snacks,2026-04-03,14,2026,ECOMM,WEST,PLNT_DAL,3862,3695,3984,4013,3942,4123,3437,0.0053,0.092,Y,N,3748,0.1582
RF01036,CrunchBite,Salty Snacks,2026-04-10,15,2026,ECOMM,SOUTHWEST,PLNT_DAL,4089,3621,3786,3809,3654,4559,4412,0.0331,0.1321,N,Y,4819,-0.1443
RF01036,CrunchBite,Salty Snacks,2026-04-17,16,2026,CLUB,NORTHEAST,PLNT_DAL,4056,4445,4200,4259,4339,3568,3878,0.1197,0.1786,Y,N,4662,0.3266
RF01036,CrunchBite,Salty Snacks,2026-04-24,17,2026,MASS_MERCH,NORTHEAST,PLNT_DAL,4120,3801,4089,4170,4165,3713,3617,-0.0772,0.0794,N,N,4306,0.2117
RF01036,CrunchBite,Salty Snacks,2026-05-01,18,2026,MASS_MERCH,MIDWEST,PLNT_DAL,4321,4736,4014,3929,4463,4695,4667,0.042,0.0407,Y,N,3882,0.2051
RF01036,CrunchBite,Salty Snacks,2026-05-08,19,2026,CLUB,MIDWEST,PLNT_DAL,3870,3798,4034,4180,3901,4823,4766,-0.1242,0.107,N,N,3526,0.2219
RF01037,ZingEnergy,Salty Snacks,2025-11-14,46,2025,DRUG_STORE,SOUTHEAST,PLNT_ATL,4067,4190,4062,4141,4357,3746,4505,0.028,0.2169,N,N,3786,0.2115
RF01037,ZingEnergy,Salty Snacks,2025-11-21,47,2025,ECOMM,MIDWEST,PLNT_ATL,4826,5035,5466,5410,5161,5608,4368,-0.0014,0.2017,N,N,4931,0.1922
RF01037,ZingEnergy,Salty Snacks,2025-11-28,48,2025,MASS_MERCH,NORTHEAST,PLNT_ATL,4549,5090,4627,4446,4875,3957,5131,0.0205,0.1355,N,N,3898,-0.0437
RF01037,ZingEnergy,Salty Snacks,2025-12-05,49,2025,MASS_MERCH,MIDWEST,PLNT_ATL,4748,5242,5183,5021,4475,4144,4172,0.0067,0.149,Y,N,5510,-0.0305
RF01037,ZingEnergy,Salty Snacks,2025-12-12,50,2025,CLUB,SOUTHEAST,PLNT_ATL,5217,5776,5354,5206,5035,5695,3974,0.0472,0.0124,N,N,4509,0.1244
RF01037,ZingEnergy,Salty Snacks,2025-12-19,51,2025,GROCERY,WEST,PLNT_ATL,4775,4329,4375,4382,4677,4798,4033,-0.0004,0.2454,N,Y,3826,0.1018
RF01037,ZingEnergy,Salty Snacks,2025-12-26,52,2025,GROCERY,WEST,PLNT_ATL,5426,5513,6045,6203,6338,5133,7361,0.0484,0.0427,N,N,5180,0.0631
RF01037,ZingEnergy,Salty Snacks,2026-01-02,1,2026,CLUB,SOUTHWEST,PLNT_ATL,5428,5415,5224,5474,5499,6357,5423,-0.0115,0.151,N,N,6433,-0.0187
RF01037,ZingEnergy,Salty Snacks,2026-01-09,2,2026,CONV_STORE,SOUTHEAST,PLNT_ATL,5140,4720,5576,5537,4933,5403,6734,0.0598,0.2259,Y,N,4539,-0.2452
RF01037,ZingEnergy,Salty Snacks,2026-01-16,3,2026,DRUG_STORE,MIDWEST,PLNT_ATL,4870,4823,4933,5156,4990,5531,4230,0.1126,0.0757,N,N,5742,0.0231
RF01037,ZingEnergy,Salty Snacks,2026-01-23,4,2026,DRUG_STORE,MIDWEST,PLNT_ATL,5413,5235,5498,5697,5967,5133,4699,-0.1189,0.1877,N,N,6007,0.15
RF01037,ZingEnergy,Salty Snacks,2026-01-30,5,2026,DRUG_STORE,WEST,PLNT_ATL,5480,5108,5687,5491,5448,6470,4187,0.0019,0.141,Y,N,5875,0.1896
RF01037,ZingEnergy,Salty Snacks,2026-02-06,6,2026,CONV_STORE,SOUTHWEST,PLNT_ATL,5665,5767,6232,6014,5676,6619,6941,-0.0937,0.0379,N,N,5955,0.0538
RF01037,ZingEnergy,Salty Snacks,2026-02-13,7,2026,GROCERY,MIDWEST,PLNT_ATL,5799,5194,5250,5470,6026,5136,6716,0.028,0.13,Y,N,5481,0.1056
RF01037,ZingEnergy,Salty Snacks,2026-02-20,8,2026,CONV_STORE,MIDWEST,PLNT_ATL,6049,6525,6162,6287,5698,6497,7716,-0.0372,0.1559,N,N,5222,0.1415
RF01037,ZingEnergy,Salty Snacks,2026-02-27,9,2026,GROCERY,SOUTHEAST,PLNT_ATL,5399,6025,5790,6023,6724,5161,4642,-0.0091,0.1696,N,N,5585,-0.0528
RF01037,ZingEnergy,Salty Snacks,2026-03-06,10,2026,GROCERY,SOUTHWEST,PLNT_ATL,6048,5962,6307,6273,7064,6494,7649,0.0142,0.2448,Y,N,5564,0.0209
RF01037,ZingEnergy,Salty Snacks,2026-03-13,11,2026,CLUB,MIDWEST,PLNT_ATL,5625,6290,6174,6278,6001,7039,7325,0.0482,0.0148,N,N,5828,0.3122
RF01037,ZingEnergy,Salty Snacks,2026-03-20,12,2026,GROCERY,SOUTHWEST,PLNT_ATL,6063,5703,6234,6534,6291,5772,7149,0.016,0.1057,N,N,5512,-0.0493
RF01037,ZingEnergy,Salty Snacks,2026-03-27,13,2026,ECOMM,NORTHEAST,PLNT_ATL,6216,6453,6111,5824,6237,4818,5543,0.0164,0.1684,Y,N,6705,-0.0262
RF01037,ZingEnergy,Salty Snacks,2026-04-03,14,2026,CONV_STORE,SOUTHEAST,PLNT_ATL,5456,5919,5979,5923,6664,6475,6176,0.1439,0.0729,N,N,4549,0.0466
RF01037,ZingEnergy,Salty Snacks,2026-04-10,15,2026,GROCERY,SOUTHEAST,PLNT_ATL,5584,5595,5184,5345,4807,5141,4445,-0.0406,0.1531,N,Y,4497,-0.1577
RF01037,ZingEnergy,Salty Snacks,2026-04-17,16,2026,DRUG_STORE,MIDWEST,PLNT_ATL,5913,6079,5552,5622,6096,4836,4579,-0.1314,0.1086,N,N,4947,-0.0368
RF01037,ZingEnergy,Salty Snacks,2026-04-24,17,2026,GROCERY,SOUTHWEST,PLNT_ATL,5683,6080,5445,5199,5008,5308,5210,0.0179,0.178,N,N,5201,0.3773
RF01037,ZingEnergy,Salty Snacks,2026-05-01,18,2026,MASS_MERCH,SOUTHEAST,PLNT_ATL,5337,4775,5050,4800,4552,5537,5063,-0.1232,0.1315,N,N,6081,0.0973
RF01037,ZingEnergy,Salty Snacks,2026-05-08,19,2026,DRUG_STORE,WEST,PLNT_ATL,5581,5439,6189,6063,6345,5474,5353,-0.0375,0.095,Y,N,5990,0.1137
RF01038,ZingEnergy,Salty Snacks,2025-11-14,46,2025,DRUG_STORE,NORTHEAST,PLNT_DAL,6365,6127,6894,6976,7361,8102,6880,0.0314,0.209,N,N,7420,0.0143
RF01038,ZingEnergy,Salty Snacks,2025-11-21,47,2025,CONV_STORE,SOUTHWEST,PLNT_DAL,6180,6861,6441,6587,6409,7431,6233,-0.0834,0.0984,N,N,5507,0.1722
RF01038,ZingEnergy,Salty Snacks,2025-11-28,48,2025,DRUG_STORE,SOUTHWEST,PLNT_DAL,6834,6685,7654,7519,8314,7492,6247,0.1276,0.1155,N,N,7622,-0.0781
RF01038,ZingEnergy,Salty Snacks,2025-12-05,49,2025,CLUB,SOUTHEAST,PLNT_DAL,6020,5513,5968,5928,5449,6992,5127,0.1296,0.1875,N,N,6013,0.0539
RF01038,ZingEnergy,Salty Snacks,2025-12-12,50,2025,ECOMM,SOUTHWEST,PLNT_DAL,7250,7865,7028,6810,6759,8035,5684,0.1463,0.1407,N,N,6737,0.0319
RF01038,ZingEnergy,Salty Snacks,2025-12-19,51,2025,DRUG_STORE,SOUTHWEST,PLNT_DAL,6591,6172,7486,7713,6813,7227,6433,0.0296,0.0578,N,N,5614,-0.0931
RF01038,ZingEnergy,Salty Snacks,2025-12-26,52,2025,DRUG_STORE,NORTHEAST,PLNT_DAL,6939,7450,7744,7642,6760,7340,6728,0.1459,0.2061,N,N,7310,-0.0225
RF01038,ZingEnergy,Salty Snacks,2026-01-02,1,2026,CLUB,SOUTHEAST,PLNT_DAL,7605,7204,7492,7712,8594,9153,8978,-0.0326,0.0013,N,N,8558,-0.0759
RF01038,ZingEnergy,Salty Snacks,2026-01-09,2,2026,DRUG_STORE,SOUTHEAST,PLNT_DAL,7325,8011,7166,7438,7751,6328,7513,0.123,0.019,N,N,7176,-0.1118
RF01038,ZingEnergy,Salty Snacks,2026-01-16,3,2026,GROCERY,SOUTHWEST,PLNT_DAL,7561,7154,7075,7321,6911,7764,6760,-0.1195,0.1512,Y,N,7016,-0.0828
RF01038,ZingEnergy,Salty Snacks,2026-01-23,4,2026,ECOMM,WEST,PLNT_DAL,8115,8185,8975,9105,8297,10003,10377,0.0099,0.1564,N,N,7865,0.2422
RF01038,ZingEnergy,Salty Snacks,2026-01-30,5,2026,CLUB,SOUTHWEST,PLNT_DAL,7640,7201,7151,6811,6133,6788,8392,0.0092,0.1705,N,N,8429,0.1746
RF01038,ZingEnergy,Salty Snacks,2026-02-06,6,2026,MASS_MERCH,WEST,PLNT_DAL,7957,7529,8566,8526,7787,10088,6954,0.0601,0.1713,N,N,8658,-0.0724
RF01038,ZingEnergy,Salty Snacks,2026-02-13,7,2026,GROCERY,MIDWEST,PLNT_DAL,7170,7421,7162,7037,6785,7793,5424,-0.0149,0.0242,N,N,8394,0.0259
RF01038,ZingEnergy,Salty Snacks,2026-02-20,8,2026,CONV_STORE,MIDWEST,PLNT_DAL,7926,7285,8547,8198,7935,8007,9410,0.0486,0.0448,N,N,7596,0.0471
RF01038,ZingEnergy,Salty Snacks,2026-02-27,9,2026,CONV_STORE,SOUTHEAST,PLNT_DAL,8286,8911,8386,8063,7597,8587,8430,0.1431,0.2292,Y,Y,7354,0.1148
RF01038,ZingEnergy,Salty Snacks,2026-03-06,10,2026,CLUB,SOUTHWEST,PLNT_DAL,7882,8582,8080,7936,7023,8816,8022,0.0658,0.0751,N,Y,8164,-0.1223
RF01038,ZingEnergy,Salty Snacks,2026-03-13,11,2026,CONV_STORE,WEST,PLNT_DAL,8010,7062,8614,8684,9670,7662,7492,0.1223,0.0098,N,N,8190,-0.0202
RF01038,ZingEnergy,Salty Snacks,2026-03-20,12,2026,CONV_STORE,MIDWEST,PLNT_DAL,7606,7061,8000,7867,7726,8395,7783,0.0168,0.0281,N,N,6707,0.1455
RF01038,ZingEnergy,Salty Snacks,2026-03-27,13,2026,ECOMM,MIDWEST,PLNT_DAL,8170,7398,9258,8985,9852,9669,10961,0.0715,0.1435,Y,N,8388,-0.0634
RF01038,ZingEnergy,Salty Snacks,2026-04-03,14,2026,MASS_MERCH,MIDWEST,PLNT_DAL,8065,8086,7883,7659,7150,9035,7321,-0.0205,0.0393,N,N,8038,0.3457
RF01038,ZingEnergy,Salty Snacks,2026-04-10,15,2026,ECOMM,NORTHEAST,PLNT_DAL,7452,8322,8304,8095,8985,9260,8728,-0.0045,0.2106,N,N,7098,-0.1872
RF01038,ZingEnergy,Salty Snacks,2026-04-17,16,2026,DRUG_STORE,MIDWEST,PLNT_DAL,7503,6699,7156,6934,6239,6785,5282,0.0004,0.1364,N,N,8793,-0.2146
RF01038,ZingEnergy,Salty Snacks,2026-04-24,17,2026,CLUB,NORTHEAST,PLNT_DAL,8272,7685,9346,9574,10616,11241,8066,-0.0734,0.1933,N,N,8916,0.1653
RF01038,ZingEnergy,Salty Snacks,2026-05-01,18,2026,MASS_MERCH,NORTHEAST,PLNT_DAL,7608,7723,6967,7100,6981,6840,5464,0.0369,0.0588,Y,Y,8817,0.0953
RF01038,ZingEnergy,Salty Snacks,2026-05-08,19,2026,MASS_MERCH,MIDWEST,PLNT_DAL,6949,7576,7487,7650,6780,7063,9272,-0.1487,0.1262,Y,N,7987,0.1702
RF01039,RefreshCo,Salty Snacks,2025-11-14,46,2025,GROCERY,WEST,PLNT_CHI,8794,9248,9547,9343,9114,10575,9703,-0.1156,0.0296,N,N,8163,0.2248
RF01039,RefreshCo,Salty Snacks,2025-11-21,47,2025,CONV_STORE,SOUTHEAST,PLNT_CHI,8891,9062,8829,9255,10103,10232,9366,-0.0428,0.0653,N,N,10259,0.0102
RF01039,RefreshCo,Salty Snacks,2025-11-28,48,2025,MASS_MERCH,NORTHEAST,PLNT_CHI,9193,9119,10005,10366,10047,12117,13173,0.0854,0.1536,N,N,10484,0.1267
RF01039,RefreshCo,Salty Snacks,2025-12-05,49,2025,DRUG_STORE,NORTHEAST,PLNT_CHI,8111,8679,8972,8879,10100,9116,9104,-0.0783,0.0791,N,N,8888,-0.002
RF01039,RefreshCo,Salty Snacks,2025-12-12,50,2025,CONV_STORE,WEST,PLNT_CHI,9398,9373,9222,9532,10710,9711,11288,-0.1089,0.1308,N,N,7918,0.1495
RF01039,RefreshCo,Salty Snacks,2025-12-19,51,2025,GROCERY,WEST,PLNT_CHI,9575,10343,10760,10424,11341,10509,12877,-0.0479,0.1026,N,N,8461,-0.0566
RF01039,RefreshCo,Salty Snacks,2025-12-26,52,2025,MASS_MERCH,SOUTHEAST,PLNT_CHI,9170,8489,8290,8120,8892,8758,6378,-0.1303,0.0911,N,N,7374,0.0577
RF01039,RefreshCo,Salty Snacks,2026-01-02,1,2026,DRUG_STORE,WEST,PLNT_CHI,9852,9556,9615,9729,10062,10488,12334,-0.0222,0.0642,N,N,11025,0.04
RF01039,RefreshCo,Salty Snacks,2026-01-09,2,2026,CLUB,SOUTHWEST,PLNT_CHI,10484,10289,10974,11391,12969,10985,14355,-0.1171,0.1215,N,N,9416,-0.0111
RF01039,RefreshCo,Salty Snacks,2026-01-16,3,2026,ECOMM,SOUTHWEST,PLNT_CHI,11022,9948,10966,10787,9588,10115,12533,-0.0788,0.1456,N,Y,9383,-0.0264
RF01039,RefreshCo,Salty Snacks,2026-01-23,4,2026,DRUG_STORE,MIDWEST,PLNT_CHI,11414,12607,11540,11542,12248,11166,14314,-0.0859,0.1092,N,N,11373,0.0088
RF01039,RefreshCo,Salty Snacks,2026-01-30,5,2026,GROCERY,SOUTHEAST,PLNT_CHI,11218,10310,10910,10726,12139,9108,10785,-0.0184,0.1204,N,N,9766,0.1588
RF01039,RefreshCo,Salty Snacks,2026-02-06,6,2026,DRUG_STORE,SOUTHEAST,PLNT_CHI,10474,9778,11693,11790,12563,13289,14766,0.0675,0.1468,Y,N,10914,0.0879
RF01039,RefreshCo,Salty Snacks,2026-02-13,7,2026,CLUB,MIDWEST,PLNT_CHI,11649,12471,11736,11980,12519,10307,11992,0.0339,0.1062,N,N,10543,0.1907
RF01039,RefreshCo,Salty Snacks,2026-02-20,8,2026,MASS_MERCH,NORTHEAST,PLNT_CHI,11518,11245,13013,13542,12001,11548,11497,-0.0039,0.1491,N,N,11416,0.2064
RF01039,RefreshCo,Salty Snacks,2026-02-27,9,2026,MASS_MERCH,SOUTHEAST,PLNT_CHI,11882,12116,11037,10529,10087,11621,10077,-0.0013,0.0703,Y,N,10769,0.1434
RF01039,RefreshCo,Salty Snacks,2026-03-06,10,2026,DRUG_STORE,SOUTHEAST,PLNT_CHI,10441,11221,10230,9967,9259,9971,10004,0.007,0.1683,N,N,11710,0.1093
RF01039,RefreshCo,Salty Snacks,2026-03-13,11,2026,ECOMM,NORTHEAST,PLNT_CHI,11154,11180,12440,11902,12225,10877,13679,0.0531,0.1504,Y,N,9189,-0.0561
RF01039,RefreshCo,Salty Snacks,2026-03-20,12,2026,CONV_STORE,SOUTHWEST,PLNT_CHI,9751,10407,8843,8994,8966,10233,7816,0.0872,0.1773,N,N,9386,-0.0353
RF01039,RefreshCo,Salty Snacks,2026-03-27,13,2026,GROCERY,SOUTHWEST,PLNT_CHI,11493,10779,11841,11837,12262,11583,12401,-0.0619,0.0907,N,Y,10469,-0.1595
RF01039,RefreshCo,Salty Snacks,2026-04-03,14,2026,ECOMM,MIDWEST,PLNT_CHI,10626,11867,10470,10822,12110,12391,10811,0.1338,0.0193,N,N,10881,0.0555
RF01039,RefreshCo,Salty Snacks,2026-04-10,15,2026,CLUB,SOUTHWEST,PLNT_CHI,10369,11080,9687,9529,10801,9742,10259,-0.0785,0.198,N,N,10760,0.1051
RF01039,RefreshCo,Salty Snacks,2026-04-17,16,2026,CONV_STORE,SOUTHEAST,PLNT_CHI,10834,10376,10399,10077,11031,10245,9755,0.2012,0.1145,N,N,12526,0.1655
RF01039,RefreshCo,Salty Snacks,2026-04-24,17,2026,ECOMM,WEST,PLNT_CHI,11229,10676,12034,11867,11433,13329,12559,0.1253,0.1646,N,N,9907,0.2108
RF01039,RefreshCo,Salty Snacks,2026-05-01,18,2026,MASS_MERCH,SOUTHWEST,PLNT_CHI,10719,9903,11382,11378,11445,10500,11959,-0.126,0.0872,N,N,12719,0.0243
RF01039,RefreshCo,Salty Snacks,2026-05-08,19,2026,DRUG_STORE,SOUTHWEST,PLNT_CHI,11012,9699,10430,10882,12220,11200,12897,-0.192,0.0575,N,N,11576,0.0313
RF01040,SweetWave,Salty Snacks,2025-11-14,46,2025,GROCERY,NORTHEAST,PLNT_CHI,9452,8588,8934,8810,9693,8152,9168,0.0317,0.1079,N,N,8336,0.2486
RF01040,SweetWave,Salty Snacks,2025-11-21,47,2025,CONV_STORE,MIDWEST,PLNT_CHI,11062,9760,10889,11024,10933,10005,11880,-0.0453,0.0773,N,N,9520,-0.0006
RF01040,SweetWave,Salty Snacks,2025-11-28,48,2025,MASS_MERCH,WEST,PLNT_CHI,9985,9313,10997,11354,11810,13428,9064,-0.0031,0.11,N,N,8370,-0.2923
RF01040,SweetWave,Salty Snacks,2025-12-05,49,2025,MASS_MERCH,MIDWEST,PLNT_CHI,11056,10948,10408,10068,9140,9169,9197,-0.0267,0.0488,N,N,9288,-0.0379
RF01040,SweetWave,Salty Snacks,2025-12-12,50,2025,ECOMM,SOUTHWEST,PLNT_CHI,11947,11782,12959,12809,11348,14227,10999,0.0822,0.0902,N,N,9656,-0.0739
RF01040,SweetWave,Salty Snacks,2025-12-19,51,2025,GROCERY,WEST,PLNT_CHI,10475,10329,9965,9610,10547,10375,8065,0.0162,0.0854,N,N,11375,0.0877
RF01040,SweetWave,Salty Snacks,2025-12-26,52,2025,ECOMM,SOUTHEAST,PLNT_CHI,11912,12991,13581,13834,14495,11683,15603,-0.0265,0.1974,N,Y,11608,0.0614
RF01040,SweetWave,Salty Snacks,2026-01-02,1,2026,CONV_STORE,SOUTHWEST,PLNT_CHI,10834,10671,10693,10446,9621,9435,11076,0.0483,0.0466,Y,Y,10320,0.0241
RF01040,SweetWave,Salty Snacks,2026-01-09,2,2026,ECOMM,NORTHEAST,PLNT_CHI,12177,12782,11442,11574,10938,11800,10245,0.0371,0.1397,N,N,10647,0.0934
RF01040,SweetWave,Salty Snacks,2026-01-16,3,2026,ECOMM,SOUTHEAST,PLNT_CHI,11476,10282,12829,12984,12398,12967,12650,0.046,0.1255,N,N,9534,0.0594
RF01040,SweetWave,Salty Snacks,2026-01-23,4,2026,ECOMM,MIDWEST,PLNT_CHI,12042,12860,12445,12792,13662,11231,15913,-0.0427,0.1202,N,N,12105,0.0559
RF01040,SweetWave,Salty Snacks,2026-01-30,5,2026,MASS_MERCH,SOUTHEAST,PLNT_CHI,12900,11528,12045,11500,10843,12091,10863,0.0323,0.1338,N,N,14001,-0.0908
RF01040,SweetWave,Salty Snacks,2026-02-06,6,2026,CONV_STORE,SOUTHWEST,PLNT_CHI,12665,11273,14510,13981,14225,14067,16074,0.113,0.0282,N,N,13411,-0.0201
RF01040,SweetWave,Salty Snacks,2026-02-13,7,2026,CONV_STORE,WEST,PLNT_CHI,10998,11202,12201,12085,13578,10676,14558,0.0027,0.1315,Y,N,12502,0.0633
RF01040,SweetWave,Salty Snacks,2026-02-20,8,2026,DRUG_STORE,SOUTHEAST,PLNT_CHI,13420,13041,13082,12459,13394,11236,14462,0.135,0.1201,N,N,11486,-0.0912
RF01040,SweetWave,Salty Snacks,2026-02-27,9,2026,CONV_STORE,SOUTHWEST,PLNT_CHI,12497,11424,14060,14627,14390,15956,13850,-0.0574,0.1289,N,N,10725,0.1009
RF01040,SweetWave,Salty Snacks,2026-03-06,10,2026,CLUB,SOUTHWEST,PLNT_CHI,12104,11738,11954,12443,11202,11593,14747,-0.0085,0.1036,N,N,10011,0.029
RF01040,SweetWave,Salty Snacks,2026-03-13,11,2026,CLUB,WEST,PLNT_CHI,12001,12020,10834,10402,9882,8627,9007,0.0801,0.1069,N,N,11810,0.0365
RF01040,SweetWave,Salty Snacks,2026-03-20,12,2026,DRUG_STORE,SOUTHWEST,PLNT_CHI,11850,10572,12196,11736,11650,11915,12946,-0.0254,0.0247,N,N,10206,-0.0192
RF01040,SweetWave,Salty Snacks,2026-03-27,13,2026,MASS_MERCH,SOUTHEAST,PLNT_CHI,12502,13144,13537,13720,14792,12274,14775,-0.0439,0.1132,Y,Y,10666,0.1235
RF01040,SweetWave,Salty Snacks,2026-04-03,14,2026,ECOMM,MIDWEST,PLNT_CHI,11745,12589,13163,13066,14862,11759,16662,0.0458,0.1286,N,N,10425,0.0684
RF01040,SweetWave,Salty Snacks,2026-04-10,15,2026,CONV_STORE,WEST,PLNT_CHI,12431,12945,11542,11737,12549,11284,11719,-0.0045,0.1958,N,N,13634,-0.0025
RF01040,SweetWave,Salty Snacks,2026-04-17,16,2026,ECOMM,MIDWEST,PLNT_CHI,11544,10589,12357,12624,13755,14085,11109,-0.0323,0.1454,N,N,10623,-0.0775
RF01040,SweetWave,Salty Snacks,2026-04-24,17,2026,CONV_STORE,NORTHEAST,PLNT_CHI,14003,12494,14674,15116,16540,15583,18102,-0.022,0.1491,N,N,11754,0.3344
RF01040,SweetWave,Salty Snacks,2026-05-01,18,2026,GROCERY,SOUTHEAST,PLNT_CHI,11098,11743,11151,10962,10109,10993,13615,0.0001,0.1676,N,N,12496,0.0822
RF01040,SweetWave,Salty Snacks,2026-05-08,19,2026,MASS_MERCH,SOUTHWEST,PLNT_CHI,12074,10713,13696,13173,14603,13263,16570,0.0946,0.068,N,N,12608,-0.0245
RF01041,SweetWave,Salty Snacks,2025-11-14,46,2025,CLUB,NORTHEAST,PLNT_ATL,3719,4034,3440,3296,3029,3239,4038,-0.042,0.2177,N,N,3051,-0.0454
RF01041,SweetWave,Salty Snacks,2025-11-21,47,2025,CLUB,MIDWEST,PLNT_ATL,4021,3819,4466,4545,4786,3878,3806,0.0237,0.1099,N,N,3280,0.0912
RF01041,SweetWave,Salty Snacks,2025-11-28,48,2025,DRUG_STORE,NORTHEAST,PLNT_ATL,4791,5123,5386,5560,5279,5174,6636,0.0202,0.1944,Y,N,5466,0.112
RF01041,SweetWave,Salty Snacks,2025-12-05,49,2025,CONV_STORE,NORTHEAST,PLNT_ATL,4487,4503,4595,4468,4388,4238,3736,0.1356,0.0551,N,N,4762,0.0625
RF01041,SweetWave,Salty Snacks,2025-12-12,50,2025,CLUB,MIDWEST,PLNT_ATL,4397,4851,4830,4997,4670,4973,5610,-0.0565,0.1403,N,N,5273,0.0496
RF01041,SweetWave,Salty Snacks,2025-12-19,51,2025,MASS_MERCH,SOUTHWEST,PLNT_ATL,4654,4411,4575,4492,4461,3892,4902,0.1112,0.1912,N,N,4113,-0.0137
RF01041,SweetWave,Salty Snacks,2025-12-26,52,2025,GROCERY,MIDWEST,PLNT_ATL,4320,3963,4094,3916,3842,4420,3898,0.0235,0.2227,N,N,4865,-0.0038
RF01041,SweetWave,Salty Snacks,2026-01-02,1,2026,CLUB,SOUTHEAST,PLNT_ATL,4428,4596,5045,5171,4560,5779,6493,-0.1054,0.0602,N,N,5108,0.11
RF01041,SweetWave,Salty Snacks,2026-01-09,2,2026,DRUG_STORE,NORTHEAST,PLNT_ATL,4507,5001,5078,5190,5607,5501,5849,0.1287,0.138,Y,N,5091,-0.0702
RF01041,SweetWave,Salty Snacks,2026-01-16,3,2026,ECOMM,MIDWEST,PLNT_ATL,4327,4153,4606,4714,4798,5459,6018,0.0196,0.0572,N,N,4846,-0.0672
RF01041,SweetWave,Salty Snacks,2026-01-23,4,2026,GROCERY,MIDWEST,PLNT_ATL,4120,4166,4262,4371,4224,4260,4730,0.0556,0.1377,N,N,4802,-0.0915
RF01041,SweetWave,Salty Snacks,2026-01-30,5,2026,CONV_STORE,NORTHEAST,PLNT_ATL,4414,4218,4624,4600,5024,4940,4862,-0.0166,0.1156,Y,N,4981,0.0468
RF01041,SweetWave,Salty Snacks,2026-02-06,6,2026,ECOMM,WEST,PLNT_ATL,4587,4089,4215,4342,4882,3587,5255,0.0254,0.1089,N,N,4886,-0.1636
RF01041,SweetWave,Salty Snacks,2026-02-13,7,2026,MASS_MERCH,SOUTHWEST,PLNT_ATL,4224,4258,4384,4506,4622,4257,4681,0.0222,0.148,Y,N,4978,0.2136
RF01041,SweetWave,Salty Snacks,2026-02-20,8,2026,CLUB,MIDWEST,PLNT_ATL,4739,5022,4570,4641,4585,5403,3982,0.0255,0.134,N,N,4819,0.0866
RF01041,SweetWave,Salty Snacks,2026-02-27,9,2026,GROCERY,SOUTHEAST,PLNT_ATL,4483,5002,5013,5189,4655,5773,5977,0.0109,0.1153,N,N,4483,0.1148
RF01041,SweetWave,Salty Snacks,2026-03-06,10,2026,GROCERY,MIDWEST,PLNT_ATL,4745,4757,4841,4896,5312,4671,4678,-0.0651,0.1738,N,N,4973,0.3082
RF01041,SweetWave,Salty Snacks,2026-03-13,11,2026,ECOMM,WEST,PLNT_ATL,5014,5606,4716,4641,4318,5553,5343,-0.0061,0.0875,N,N,4218,0.128
RF01041,SweetWave,Salty Snacks,2026-03-20,12,2026,ECOMM,NORTHEAST,PLNT_ATL,4005,3728,3794,3846,4360,4242,4585,0.0086,0.2156,N,N,3720,-0.0445
RF01041,SweetWave,Salty Snacks,2026-03-27,13,2026,GROCERY,MIDWEST,PLNT_ATL,4070,3617,3854,3881,4069,3795,4633,0.146,0.2372,Y,N,4224,-0.0054
RF01041,SweetWave,Salty Snacks,2026-04-03,14,2026,CLUB,MIDWEST,PLNT_ATL,4307,3930,4408,4626,4214,5218,5396,0.005,0.0908,N,N,3512,-0.0288
RF01041,SweetWave,Salty Snacks,2026-04-10,15,2026,DRUG_STORE,SOUTHEAST,PLNT_ATL,4908,5102,5642,5752,5481,6573,7305,0.1375,0.1764,N,N,4725,0.0222
RF01041,SweetWave,Salty Snacks,2026-04-17,16,2026,ECOMM,WEST,PLNT_ATL,4563,4217,4212,4059,4204,3482,3288,0.0307,0.2213,N,N,4702,0.0075
RF01041,SweetWave,Salty Snacks,2026-04-24,17,2026,ECOMM,NORTHEAST,PLNT_ATL,4182,3729,4089,4195,4576,4314,4429,0.004,0.1016,N,N,4843,-0.0538
RF01041,SweetWave,Salty Snacks,2026-05-01,18,2026,CONV_STORE,NORTHEAST,PLNT_ATL,4224,4648,4245,4312,3948,3690,5392,-0.0031,0.2464,Y,N,4065,0.0464
RF01041,SweetWave,Salty Snacks,2026-05-08,19,2026,CONV_STORE,SOUTHEAST,PLNT_ATL,4291,4743,4822,4700,4362,5493,5270,0.0493,0.2072,N,N,3650,0.1733
RF01042,NatureNosh,Sweet Snacks,2025-11-14,46,2025,MASS_MERCH,SOUTHWEST,PLNT_DAL,13876,13952,13436,13831,14140,11653,11920,0.0195,0.1004,N,N,13346,-0.028
RF01042,NatureNosh,Sweet Snacks,2025-11-21,47,2025,GROCERY,SOUTHWEST,PLNT_DAL,12272,11646,11808,12228,11571,12839,9180,-0.075,0.1803,N,N,12648,0.1458
RF01042,NatureNosh,Sweet Snacks,2025-11-28,48,2025,MASS_MERCH,SOUTHEAST,PLNT_DAL,14809,16469,14249,14549,15620,15972,16186,-0.0769,0.1482,N,N,15708,0.1024
RF01042,NatureNosh,Sweet Snacks,2025-12-05,49,2025,MASS_MERCH,SOUTHEAST,PLNT_DAL,14205,12547,13164,12777,13649,14291,15466,-0.1274,0.0919,N,N,13883,0.15
RF01042,NatureNosh,Sweet Snacks,2025-12-12,50,2025,CLUB,SOUTHEAST,PLNT_DAL,15235,14162,15056,15612,15727,18432,15328,0.1284,0.1192,Y,N,17268,0.1679
RF01042,NatureNosh,Sweet Snacks,2025-12-19,51,2025,CONV_STORE,MIDWEST,PLNT_DAL,15057,13986,13966,13668,12657,15202,13679,-0.0775,0.1217,N,N,13396,-0.004
RF01042,NatureNosh,Sweet Snacks,2025-12-26,52,2025,DRUG_STORE,SOUTHEAST,PLNT_DAL,15879,17172,18115,17697,17589,15409,20598,0.1722,0.0838,N,N,16780,-0.0535
RF01042,NatureNosh,Sweet Snacks,2026-01-02,1,2026,CLUB,WEST,PLNT_DAL,15976,15480,15396,14778,16076,16309,11242,0.0698,0.0062,Y,N,17955,-0.0622
RF01042,NatureNosh,Sweet Snacks,2026-01-09,2,2026,ECOMM,SOUTHEAST,PLNT_DAL,15773,15984,16615,17111,17849,20386,12863,-0.0987,0.1716,N,N,16201,0.0125
RF01042,NatureNosh,Sweet Snacks,2026-01-16,3,2026,CONV_STORE,MIDWEST,PLNT_DAL,16504,14953,16117,16542,17078,17517,18279,0.0205,0.1951,N,N,17326,0.0021
RF01042,NatureNosh,Sweet Snacks,2026-01-23,4,2026,ECOMM,MIDWEST,PLNT_DAL,16680,18112,16500,16927,17066,16651,17741,-0.0251,0.1096,N,N,19125,-0.012
RF01042,NatureNosh,Sweet Snacks,2026-01-30,5,2026,ECOMM,SOUTHWEST,PLNT_DAL,16424,18378,15079,15351,16376,13875,13258,0.0992,0.1087,Y,N,13929,0.0638
RF01042,NatureNosh,Sweet Snacks,2026-02-06,6,2026,MASS_MERCH,WEST,PLNT_DAL,16003,15810,15239,14996,13659,16886,17534,0.1247,0.0378,N,Y,17212,0.0012
RF01042,NatureNosh,Sweet Snacks,2026-02-13,7,2026,MASS_MERCH,SOUTHWEST,PLNT_DAL,14961,15664,13488,13949,15493,11968,14185,-0.0099,0.1302,Y,N,17562,0.1958
RF01042,NatureNosh,Sweet Snacks,2026-02-20,8,2026,ECOMM,NORTHEAST,PLNT_DAL,16386,15065,17774,18628,19624,16637,22089,-0.082,0.1218,Y,N,14404,0.0763
RF01042,NatureNosh,Sweet Snacks,2026-02-27,9,2026,CLUB,SOUTHEAST,PLNT_DAL,16281,16083,17170,16365,15961,18124,18875,0.0473,0.1524,N,N,14060,-0.0699
RF01042,NatureNosh,Sweet Snacks,2026-03-06,10,2026,DRUG_STORE,NORTHEAST,PLNT_DAL,15941,14162,15044,15559,14035,13689,12272,0.054,0.0648,N,N,17303,0.1052
RF01042,NatureNosh,Sweet Snacks,2026-03-13,11,2026,ECOMM,MIDWEST,PLNT_DAL,15877,15994,17865,18028,20019,15861,23049,-0.1417,0.044,N,N,16581,0.0082
RF01042,NatureNosh,Sweet Snacks,2026-03-20,12,2026,GROCERY,SOUTHEAST,PLNT_DAL,16478,15529,15712,16078,15845,15478,16621,-0.0422,0.2297,Y,N,19119,-0.068
RF01042,NatureNosh,Sweet Snacks,2026-03-27,13,2026,CLUB,WEST,PLNT_DAL,16365,18130,15191,15159,16147,17134,11793,0.1432,0.1723,N,N,13424,0.2616
RF01042,NatureNosh,Sweet Snacks,2026-04-03,14,2026,ECOMM,WEST,PLNT_DAL,16822,15102,17406,16681,15084,15333,17363,-0.0579,0.1285,N,N,14397,0.0082
RF01042,NatureNosh,Sweet Snacks,2026-04-10,15,2026,DRUG_STORE,WEST,PLNT_DAL,16307,14699,15278,15189,13682,16842,15102,-0.1,0.0412,N,Y,13120,-0.3022
RF01042,NatureNosh,Sweet Snacks,2026-04-17,16,2026,CONV_STORE,SOUTHEAST,PLNT_DAL,17187,15224,18946,18056,19445,20349,19148,0.0402,0.1539,N,N,19137,0.0787
RF01042,NatureNosh,Sweet Snacks,2026-04-24,17,2026,CLUB,SOUTHEAST,PLNT_DAL,14734,15750,16017,16184,18400,15194,17903,0.0013,0.1397,N,N,12725,-0.0965
RF01042,NatureNosh,Sweet Snacks,2026-05-01,18,2026,ECOMM,NORTHEAST,PLNT_DAL,14937,15539,15459,15130,13906,17146,13664,0.0072,0.1072,N,Y,14546,0.0155
RF01042,NatureNosh,Sweet Snacks,2026-05-08,19,2026,CONV_STORE,MIDWEST,PLNT_DAL,16555,14579,15980,15573,14063,17053,13950,0.0378,0.1544,Y,N,18526,0.1345
RF01043,CrunchBite,Sweet Snacks,2025-11-14,46,2025,DRUG_STORE,NORTHEAST,PLNT_DAL,10090,9766,11153,11471,11742,9577,11459,0.126,0.0829,N,N,9928,0.0892
RF01043,CrunchBite,Sweet Snacks,2025-11-21,47,2025,ECOMM,SOUTHEAST,PLNT_DAL,9067,9659,9925,10374,9468,8746,12190,0.2509,0.2281,N,N,10482,-0.0648
RF01043,CrunchBite,Sweet Snacks,2025-11-28,48,2025,CLUB,SOUTHEAST,PLNT_DAL,11902,11221,12893,13488,13789,13487,16410,-0.0465,0.1202,N,N,12605,0.1188
RF01043,CrunchBite,Sweet Snacks,2025-12-05,49,2025,CLUB,MIDWEST,PLNT_DAL,10569,11007,9885,9786,10458,9964,10685,0.0551,0.0944,N,Y,12173,-0.0492
RF01043,CrunchBite,Sweet Snacks,2025-12-12,50,2025,GROCERY,MIDWEST,PLNT_DAL,11165,11760,12407,12321,13920,11282,12257,-0.0223,0.1777,N,N,9631,0.0702
RF01043,CrunchBite,Sweet Snacks,2025-12-19,51,2025,MASS_MERCH,MIDWEST,PLNT_DAL,11949,11348,13363,12944,12534,13974,11723,-0.0057,0.2478,Y,N,11362,-0.027
RF01043,CrunchBite,Sweet Snacks,2025-12-26,52,2025,ECOMM,NORTHEAST,PLNT_DAL,10891,10343,11369,11726,12672,12871,11083,0.0543,0.0536,Y,N,10157,-0.0088
RF01043,CrunchBite,Sweet Snacks,2026-01-02,1,2026,GROCERY,MIDWEST,PLNT_DAL,12310,13290,11268,11480,12152,9664,13799,0.0046,0.1294,Y,N,11596,0.3067
RF01043,CrunchBite,Sweet Snacks,2026-01-09,2,2026,MASS_MERCH,SOUTHEAST,PLNT_DAL,11857,11330,12772,12637,13768,10794,14241,-0.0344,0.0554,N,N,9714,0.0777
RF01043,CrunchBite,Sweet Snacks,2026-01-16,3,2026,MASS_MERCH,SOUTHWEST,PLNT_DAL,12199,11002,13049,13039,13657,15644,10050,0.0109,0.1067,Y,N,13419,0.0577
RF01043,CrunchBite,Sweet Snacks,2026-01-23,4,2026,ECOMM,SOUTHWEST,PLNT_DAL,11776,13080,13517,12969,14039,14184,13331,-0.0735,0.2519,Y,Y,13239,0.0539
RF01043,CrunchBite,Sweet Snacks,2026-01-30,5,2026,ECOMM,NORTHEAST,PLNT_DAL,11181,10952,11599,11990,11313,11550,11993,-0.0172,0.1063,N,N,9480,-0.0498
RF01043,CrunchBite,Sweet Snacks,2026-02-06,6,2026,CONV_STORE,WEST,PLNT_DAL,11646,10257,12289,11937,12962,10395,9319,-0.0619,0.1114,Y,N,12912,0.0827
RF01043,CrunchBite,Sweet Snacks,2026-02-13,7,2026,GROCERY,WEST,PLNT_DAL,11553,10792,11544,11517,10552,13806,9826,0.1169,0.1339,Y,N,9925,-0.0245
RF01043,CrunchBite,Sweet Snacks,2026-02-20,8,2026,GROCERY,MIDWEST,PLNT_DAL,11776,11317,10824,10558,9648,10808,13182,0.084,0.1753,Y,N,10540,0.0705
RF01043,CrunchBite,Sweet Snacks,2026-02-27,9,2026,GROCERY,NORTHEAST,PLNT_DAL,12411,13799,13477,13503,14502,13260,16185,-0.0133,0.2535,N,N,14321,-0.068
RF01043,CrunchBite,Sweet Snacks,2026-03-06,10,2026,DRUG_STORE,SOUTHEAST,PLNT_DAL,11158,11445,12324,12647,13381,10719,15788,0.0817,0.1543,N,N,10446,0.3285
RF01043,CrunchBite,Sweet Snacks,2026-03-13,11,2026,CLUB,SOUTHWEST,PLNT_DAL,12291,12439,12402,11916,11801,12313,14636,0.0472,0.0048,N,N,14567,-0.1979
RF01043,CrunchBite,Sweet Snacks,2026-03-20,12,2026,MASS_MERCH,MIDWEST,PLNT_DAL,11923,12079,13096,13731,13148,13747,15153,0.0653,0.0008,Y,Y,10653,-0.039
RF01043,CrunchBite,Sweet Snacks,2026-03-27,13,2026,CLUB,NORTHEAST,PLNT_DAL,10513,9386,11214,11159,11577,9351,10547,0.1111,0.0335,N,N,9174,-0.0341
RF01043,CrunchBite,Sweet Snacks,2026-04-03,14,2026,ECOMM,WEST,PLNT_DAL,13611,15217,14233,13757,14337,14553,15907,0.0459,0.0677,N,N,13897,-0.0114
RF01043,CrunchBite,Sweet Snacks,2026-04-10,15,2026,DRUG_STORE,NORTHEAST,PLNT_DAL,10287,10854,11002,11531,12813,10750,11919,-0.0462,0.0806,N,N,9588,0.128
RF01043,CrunchBite,Sweet Snacks,2026-04-17,16,2026,MASS_MERCH,SOUTHEAST,PLNT_DAL,11044,11045,10794,10922,12140,9405,13049,0.03,0.135,N,N,10734,-0.0398
RF01043,CrunchBite,Sweet Snacks,2026-04-24,17,2026,ECOMM,SOUTHWEST,PLNT_DAL,9042,8075,9544,9088,8363,9663,9018,-0.0595,0.0101,N,N,8014,0.1651
RF01043,CrunchBite,Sweet Snacks,2026-05-01,18,2026,CLUB,WEST,PLNT_DAL,8393,7845,8826,8672,9678,9253,10633,-0.0778,0.0329,N,Y,9463,0.0178
RF01043,CrunchBite,Sweet Snacks,2026-05-08,19,2026,MASS_MERCH,WEST,PLNT_DAL,10411,10022,10430,10600,11009,10066,11035,0.0261,0.1397,N,N,11146,-0.0151
RF01044,ZingEnergy,Sweet Snacks,2025-11-14,46,2025,MASS_MERCH,NORTHEAST,PLNT_LAX,9766,9936,9631,9756,10010,10998,7825,0.0761,0.1802,N,N,9038,-0.1771
RF01044,ZingEnergy,Sweet Snacks,2025-11-21,47,2025,DRUG_STORE,WEST,PLNT_LAX,8555,7775,9503,9766,8972,10188,11326,0.1752,0.148,N,N,9692,-0.0374
RF01044,ZingEnergy,Sweet Snacks,2025-11-28,48,2025,ECOMM,SOUTHWEST,PLNT_LAX,10043,8840,10715,10729,11972,10384,13724,0.1347,0.2444,N,N,8360,0.2643
RF01044,ZingEnergy,Sweet Snacks,2025-12-05,49,2025,GROCERY,SOUTHWEST,PLNT_LAX,10002,10778,11060,10535,10716,11088,9460,0.1232,0.0981,N,N,9814,0.1979
RF01044,ZingEnergy,Sweet Snacks,2025-12-12,50,2025,CLUB,SOUTHWEST,PLNT_LAX,10079,10131,11267,11773,12279,9878,11128,-0.1377,0.0891,N,N,10477,-0.0324
RF01044,ZingEnergy,Sweet Snacks,2025-12-19,51,2025,DRUG_STORE,SOUTHEAST,PLNT_LAX,9909,10962,11111,11362,11760,10804,11866,0.0376,0.222,N,N,11584,0.1732
RF01044,ZingEnergy,Sweet Snacks,2025-12-26,52,2025,CONV_STORE,NORTHEAST,PLNT_LAX,11845,12030,13421,12839,12624,13084,13259,-0.0854,0.1561,Y,N,13916,0.0724
RF01044,ZingEnergy,Sweet Snacks,2026-01-02,1,2026,DRUG_STORE,NORTHEAST,PLNT_LAX,10951,11515,10324,10163,10177,11914,10122,0.0003,0.1759,N,N,9105,0.4239
RF01044,ZingEnergy,Sweet Snacks,2026-01-09,2,2026,CLUB,MIDWEST,PLNT_LAX,10899,10163,10958,11314,10345,11408,11924,0.0869,0.1029,Y,N,11630,0.0905
RF01044,ZingEnergy,Sweet Snacks,2026-01-16,3,2026,CONV_STORE,NORTHEAST,PLNT_LAX,10576,9431,12059,12498,11455,12127,12753,0.08,0.1464,N,N,9461,0.031
RF01044,ZingEnergy,Sweet Snacks,2026-01-23,4,2026,MASS_MERCH,SOUTHWEST,PLNT_LAX,10980,9930,11173,10735,11514,10840,10972,0.0783,0.1404,N,N,12640,0.0159
RF01044,ZingEnergy,Sweet Snacks,2026-01-30,5,2026,ECOMM,SOUTHWEST,PLNT_LAX,11620,12532,10755,10425,9639,10711,11877,-0.0458,0.0229,N,N,11276,0.0506
RF01044,ZingEnergy,Sweet Snacks,2026-02-06,6,2026,MASS_MERCH,WEST,PLNT_LAX,11642,11751,13029,13482,14253,12686,10319,-0.1247,0.1332,N,Y,12972,0.2381
RF01044,ZingEnergy,Sweet Snacks,2026-02-13,7,2026,DRUG_STORE,SOUTHWEST,PLNT_LAX,10264,10088,10984,11527,12242,11215,14376,-0.0474,0.1254,N,N,11464,0.1618
RF01044,ZingEnergy,Sweet Snacks,2026-02-20,8,2026,MASS_MERCH,SOUTHEAST,PLNT_LAX,11147,11255,10267,10616,11078,10027,8857,0.024,0.2103,N,Y,10411,0.0311
RF01044,ZingEnergy,Sweet Snacks,2026-02-27,9,2026,GROCERY,WEST,PLNT_LAX,12696,13265,12711,12266,12871,14425,9672,0.0069,0.0717,N,N,13174,-0.0059
RF01044,ZingEnergy,Sweet Snacks,2026-03-06,10,2026,ECOMM,WEST,PLNT_LAX,12048,12836,11651,11569,11049,11890,8775,0.0462,0.189,Y,N,9801,0.2524
RF01044,ZingEnergy,Sweet Snacks,2026-03-13,11,2026,ECOMM,MIDWEST,PLNT_LAX,10418,10823,10788,11300,11434,10519,9253,-0.0594,0.1603,N,N,10957,-0.0333
RF01044,ZingEnergy,Sweet Snacks,2026-03-20,12,2026,GROCERY,SOUTHWEST,PLNT_LAX,10896,10770,11292,11244,10162,13166,9835,-0.0322,0.0571,N,N,12953,0.0043
RF01044,ZingEnergy,Sweet Snacks,2026-03-27,13,2026,ECOMM,NORTHEAST,PLNT_LAX,11742,11606,11684,11190,11940,11997,11128,0.1919,0.0663,N,N,12092,-0.0494
RF01044,ZingEnergy,Sweet Snacks,2026-04-03,14,2026,ECOMM,WEST,PLNT_LAX,10436,11301,11576,11147,10377,13351,8585,0.0565,0.0874,N,N,9126,-0.0423
RF01044,ZingEnergy,Sweet Snacks,2026-04-10,15,2026,CONV_STORE,SOUTHWEST,PLNT_LAX,10724,9570,10373,9885,9677,10432,11005,-0.0217,0.1064,Y,N,10903,0.0274
RF01044,ZingEnergy,Sweet Snacks,2026-04-17,16,2026,DRUG_STORE,SOUTHWEST,PLNT_LAX,11078,10744,10665,11128,11510,9954,10428,-0.0521,0.14,N,N,9452,-0.0519
RF01044,ZingEnergy,Sweet Snacks,2026-04-24,17,2026,MASS_MERCH,WEST,PLNT_LAX,10074,9516,10052,10420,11771,12202,12976,-0.0014,0.1007,Y,N,9380,0.1007
RF01044,ZingEnergy,Sweet Snacks,2026-05-01,18,2026,CONV_STORE,SOUTHWEST,PLNT_LAX,10225,11425,10437,10869,10038,11289,10477,0.005,0.0176,Y,N,11377,-0.0884
RF01044,ZingEnergy,Sweet Snacks,2026-05-08,19,2026,DRUG_STORE,MIDWEST,PLNT_LAX,10375,11598,10645,10708,10441,12652,10809,0.0615,0.1152,N,N,10831,0.1582
RF01045,SweetWave,Sweet Snacks,2025-11-14,46,2025,CLUB,WEST,PLNT_DAL,9982,8802,9748,9868,10798,8371,11754,0.0806,0.1895,Y,N,11311,-0.0436
RF01045,SweetWave,Sweet Snacks,2025-11-21,47,2025,DRUG_STORE,MIDWEST,PLNT_DAL,10093,10803,9300,9173,8282,8545,7402,0.0708,0.1389,Y,N,10574,-0.0313
RF01045,SweetWave,Sweet Snacks,2025-11-28,48,2025,DRUG_STORE,SOUTHWEST,PLNT_DAL,10757,11345,12237,11744,12934,9834,14782,0.1014,0.1085,N,N,9075,0.2712
RF01045,SweetWave,Sweet Snacks,2025-12-05,49,2025,ECOMM,WEST,PLNT_DAL,12022,10680,11883,11831,13327,10249,12583,-0.0235,0.0992,N,N,11916,0.0472
RF01045,SweetWave,Sweet Snacks,2025-12-12,50,2025,CONV_STORE,SOUTHWEST,PLNT_DAL,11021,11932,11370,11775,10860,10267,10896,0.0618,0.1596,N,N,10247,-0.1636
RF01045,SweetWave,Sweet Snacks,2025-12-19,51,2025,CONV_STORE,SOUTHEAST,PLNT_DAL,11420,12221,11562,11495,10528,12510,11729,-0.0741,0.2462,N,N,12483,0.0132
RF01045,SweetWave,Sweet Snacks,2025-12-26,52,2025,CONV_STORE,SOUTHEAST,PLNT_DAL,10930,11892,11989,12398,12528,11601,13335,0.0558,0.1383,N,N,8855,0.0739
RF01045,SweetWave,Sweet Snacks,2026-01-02,1,2026,CLUB,SOUTHEAST,PLNT_DAL,11800,10495,11080,10865,11217,12535,8567,0.0163,0.1273,N,N,9986,0.2115
RF01045,SweetWave,Sweet Snacks,2026-01-09,2,2026,ECOMM,SOUTHEAST,PLNT_DAL,11641,10826,11419,11396,11905,11188,13005,0.0821,0.0997,N,N,12185,-0.0493
RF01045,SweetWave,Sweet Snacks,2026-01-16,3,2026,CLUB,SOUTHEAST,PLNT_DAL,11366,11957,10638,11130,11018,12928,13000,0.0932,0.1104,N,N,9682,-0.058
RF01045,SweetWave,Sweet Snacks,2026-01-23,4,2026,GROCERY,WEST,PLNT_DAL,13419,14074,15160,14838,13900,16754,16692,-0.1707,0.1301,Y,N,11413,-0.0131
RF01045,SweetWave,Sweet Snacks,2026-01-30,5,2026,GROCERY,SOUTHWEST,PLNT_DAL,11277,11669,11916,12063,12931,13950,12369,-0.082,0.06,Y,N,10577,0.1106
RF01045,SweetWave,Sweet Snacks,2026-02-06,6,2026,MASS_MERCH,SOUTHEAST,PLNT_DAL,11358,11096,12227,12428,13844,12458,11434,-0.0077,0.1189,N,N,10807,-0.074
RF01045,SweetWave,Sweet Snacks,2026-02-13,7,2026,CLUB,SOUTHWEST,PLNT_DAL,13730,13154,14480,14495,14196,15508,12723,-0.125,0.1359,N,N,16258,0.0638
RF01045,SweetWave,Sweet Snacks,2026-02-20,8,2026,CLUB,SOUTHEAST,PLNT_DAL,12453,12324,11877,11809,13234,12624,14906,-0.0194,0.2519,N,N,12834,-0.0336
RF01045,SweetWave,Sweet Snacks,2026-02-27,9,2026,CLUB,SOUTHWEST,PLNT_DAL,11893,12580,13324,13930,15153,14901,14767,-0.0251,0.092,N,N,10306,-0.028
RF01045,SweetWave,Sweet Snacks,2026-03-06,10,2026,MASS_MERCH,MIDWEST,PLNT_DAL,12195,11447,12736,13238,13562,12404,12860,-0.0823,0.0339,N,N,10823,0.0518
RF01045,SweetWave,Sweet Snacks,2026-03-13,11,2026,CONV_STORE,WEST,PLNT_DAL,13046,14429,13603,13277,14482,14796,14258,-0.0418,0.1141,N,N,14927,-0.0348
RF01045,SweetWave,Sweet Snacks,2026-03-20,12,2026,MASS_MERCH,WEST,PLNT_DAL,12416,11445,11391,10884,10903,11104,11033,0.0393,0.173,N,N,12811,0.1305
RF01045,SweetWave,Sweet Snacks,2026-03-27,13,2026,GROCERY,SOUTHEAST,PLNT_DAL,11355,10654,10643,10975,11921,10655,12829,-0.0436,0.1693,Y,N,10289,-0.0747
RF01045,SweetWave,Sweet Snacks,2026-04-03,14,2026,ECOMM,WEST,PLNT_DAL,11867,13119,13305,13329,13248,14392,14894,-0.0165,0.0985,N,N,10617,-0.2026
RF01045,SweetWave,Sweet Snacks,2026-04-10,15,2026,GROCERY,SOUTHEAST,PLNT_DAL,11155,11954,12612,12978,11479,15465,11358,-0.0196,0.1011,N,N,10355,0.0722
RF01045,SweetWave,Sweet Snacks,2026-04-17,16,2026,ECOMM,NORTHEAST,PLNT_DAL,12013,13085,13677,14185,12567,12436,14978,0.0383,0.1377,N,N,9725,-0.1509
RF01045,SweetWave,Sweet Snacks,2026-04-24,17,2026,ECOMM,SOUTHEAST,PLNT_DAL,12296,12749,13325,12915,14426,13419,16477,0.1062,0.1994,N,N,10403,0.1307
RF01045,SweetWave,Sweet Snacks,2026-05-01,18,2026,CLUB,SOUTHWEST,PLNT_DAL,11664,12312,10834,10462,10322,11571,8620,0.0879,0.1972,N,N,11116,0.1765
RF01045,SweetWave,Sweet Snacks,2026-05-08,19,2026,MASS_MERCH,MIDWEST,PLNT_DAL,13590,12095,14328,13657,14367,16001,15743,0.128,0.1563,N,N,11073,0.0072
RF01046,SweetWave,Sweet Snacks,2025-11-14,46,2025,CLUB,MIDWEST,PLNT_DAL,11288,9969,10663,10823,11709,9301,12501,0.0574,0.1145,N,N,12114,0.0941
RF01046,SweetWave,Sweet Snacks,2025-11-21,47,2025,MASS_MERCH,SOUTHEAST,PLNT_DAL,11541,11089,10412,10583,10953,10188,8033,-0.0112,0.1375,N,N,10848,-0.0305
RF01046,SweetWave,Sweet Snacks,2025-11-28,48,2025,MASS_MERCH,WEST,PLNT_DAL,10965,11782,11886,11293,11688,9810,12626,0.1166,0.1089,Y,N,9292,0.0405
RF01046,SweetWave,Sweet Snacks,2025-12-05,49,2025,CONV_STORE,SOUTHEAST,PLNT_DAL,12035,11627,11814,11656,10899,9677,14558,0.1029,0.1995,Y,N,14105,-0.0947
RF01046,SweetWave,Sweet Snacks,2025-12-12,50,2025,GROCERY,SOUTHEAST,PLNT_DAL,11636,10691,11143,11137,11535,9392,12595,0.0555,0.1821,N,Y,10370,0.0114
RF01046,SweetWave,Sweet Snacks,2025-12-19,51,2025,CONV_STORE,SOUTHEAST,PLNT_DAL,12915,13380,14532,14302,15663,15447,15593,0.0664,0.1366,N,N,10976,0.226
RF01046,SweetWave,Sweet Snacks,2025-12-26,52,2025,CLUB,SOUTHWEST,PLNT_DAL,11249,10993,11520,11997,11706,13908,10957,-0.0965,0.1796,N,N,10672,0.0915
RF01046,SweetWave,Sweet Snacks,2026-01-02,1,2026,CONV_STORE,SOUTHWEST,PLNT_DAL,12234,11488,12477,11985,11899,10331,12513,0.0423,0.1329,N,Y,9917,-0.1728
RF01046,SweetWave,Sweet Snacks,2026-01-09,2,2026,GROCERY,SOUTHWEST,PLNT_DAL,13995,14175,12946,12814,11815,13021,13307,-0.0549,0.0109,N,N,12025,0.0168
RF01046,SweetWave,Sweet Snacks,2026-01-16,3,2026,MASS_MERCH,WEST,PLNT_DAL,14115,15721,15188,15132,13483,15012,13325,0.0443,0.0779,Y,Y,16205,0.0605
RF01046,SweetWave,Sweet Snacks,2026-01-23,4,2026,MASS_MERCH,NORTHEAST,PLNT_DAL,12250,11590,11944,12303,13078,10204,12912,0.0954,0.1507,N,N,11886,0.1744
RF01046,SweetWave,Sweet Snacks,2026-01-30,5,2026,MASS_MERCH,SOUTHEAST,PLNT_DAL,12362,10966,11498,10929,11342,9612,12887,0.0462,0.2456,N,N,12049,-0.0618
RF01046,SweetWave,Sweet Snacks,2026-02-06,6,2026,DRUG_STORE,NORTHEAST,PLNT_DAL,13385,11984,12851,12386,11003,14768,11934,0.0801,0.0738,N,N,14750,0.0867
RF01046,SweetWave,Sweet Snacks,2026-02-13,7,2026,CONV_STORE,NORTHEAST,PLNT_DAL,12995,13271,13860,13339,11806,14258,14143,-0.0047,0.0176,Y,N,14332,-0.0378
RF01046,SweetWave,Sweet Snacks,2026-02-20,8,2026,CLUB,NORTHEAST,PLNT_DAL,13609,12856,12258,11950,11499,10580,10580,-0.068,0.1071,N,N,14142,0.0189
RF01046,SweetWave,Sweet Snacks,2026-02-27,9,2026,MASS_MERCH,NORTHEAST,PLNT_DAL,11038,11788,11394,11385,10606,11889,12673,0.0234,0.1429,N,N,10644,-0.0685
RF01046,SweetWave,Sweet Snacks,2026-03-06,10,2026,DRUG_STORE,WEST,PLNT_DAL,12482,11632,12128,11581,10992,10523,9754,0.0447,0.1033,N,N,13329,0.1086
RF01046,SweetWave,Sweet Snacks,2026-03-13,11,2026,GROCERY,NORTHEAST,PLNT_DAL,11772,12935,13525,13452,14326,15687,11266,-0.0395,0.0419,N,Y,11617,0.1904
RF01046,SweetWave,Sweet Snacks,2026-03-20,12,2026,GROCERY,SOUTHEAST,PLNT_DAL,11047,11154,10416,9987,10504,10691,10829,0.0055,0.0952,N,N,11249,-0.0387
RF01046,SweetWave,Sweet Snacks,2026-03-27,13,2026,ECOMM,WEST,PLNT_DAL,12749,12349,13710,13867,14021,16603,14697,0.0144,0.224,Y,N,10313,-0.1094
RF01046,SweetWave,Sweet Snacks,2026-04-03,14,2026,GROCERY,NORTHEAST,PLNT_DAL,12763,13031,12411,12611,14279,14788,15434,-0.0611,0.1091,N,N,14703,0.1017
RF01046,SweetWave,Sweet Snacks,2026-04-10,15,2026,ECOMM,MIDWEST,PLNT_DAL,11501,12679,11992,11920,11846,9826,10030,0.0955,0.1376,Y,N,11378,-0.0461
RF01046,SweetWave,Sweet Snacks,2026-04-17,16,2026,ECOMM,SOUTHWEST,PLNT_DAL,13232,14318,13166,12619,11404,13454,10026,0.1054,0.1891,N,N,14774,0.2515
RF01046,SweetWave,Sweet Snacks,2026-04-24,17,2026,DRUG_STORE,WEST,PLNT_DAL,11057,12128,10367,10601,11928,11392,12714,-0.0293,0.1102,Y,N,12000,0.007
RF01046,SweetWave,Sweet Snacks,2026-05-01,18,2026,GROCERY,SOUTHWEST,PLNT_DAL,11480,12279,11547,11379,12674,12108,9601,0.1612,0.093,N,N,10714,0.2883
RF01046,SweetWave,Sweet Snacks,2026-05-08,19,2026,CLUB,SOUTHWEST,PLNT_DAL,11087,12233,11588,12004,11130,12762,14631,0.0465,0.2035,N,N,10571,-0.0435
RF01047,SweetWave,Sweet Snacks,2025-11-14,46,2025,DRUG_STORE,NORTHEAST,PLNT_LAX,5983,5646,6150,5935,5458,5629,5665,-0.0134,0.195,N,N,6294,0.2757
RF01047,SweetWave,Sweet Snacks,2025-11-21,47,2025,MASS_MERCH,MIDWEST,PLNT_LAX,5655,4976,6457,6754,6882,6905,6861,0.1194,0.0268,Y,N,5608,-0.1224
RF01047,SweetWave,Sweet Snacks,2025-11-28,48,2025,ECOMM,NORTHEAST,PLNT_LAX,6513,6427,6799,6747,6093,5721,8631,0.0121,0.2169,N,N,6932,0.2064
RF01047,SweetWave,Sweet Snacks,2025-12-05,49,2025,DRUG_STORE,NORTHEAST,PLNT_LAX,6546,6016,7234,7020,6602,7023,6781,0.0108,0.1586,Y,N,6077,0.0402
RF01047,SweetWave,Sweet Snacks,2025-12-12,50,2025,CONV_STORE,MIDWEST,PLNT_LAX,5722,6106,6151,6403,6884,6456,5691,0.0144,0.0727,N,N,6172,-0.0448
RF01047,SweetWave,Sweet Snacks,2025-12-19,51,2025,CLUB,SOUTHWEST,PLNT_LAX,6135,6011,6817,6796,7564,7977,5332,0.1593,0.0273,N,N,6249,0.0216
RF01047,SweetWave,Sweet Snacks,2025-12-26,52,2025,ECOMM,SOUTHEAST,PLNT_LAX,6823,7490,6145,6083,5506,5172,5435,0.0459,0.0752,N,N,7157,-0.0018
RF01047,SweetWave,Sweet Snacks,2026-01-02,1,2026,ECOMM,WEST,PLNT_LAX,6941,7685,7194,7277,7926,6655,9219,-0.0346,0.0539,N,N,6611,0.1414
RF01047,SweetWave,Sweet Snacks,2026-01-09,2,2026,CONV_STORE,NORTHEAST,PLNT_LAX,6250,5635,6156,6009,5460,6328,6807,0.1762,0.1111,N,N,5903,0.0023
RF01047,SweetWave,Sweet Snacks,2026-01-16,3,2026,GROCERY,SOUTHWEST,PLNT_LAX,6533,6838,6453,6175,6530,5208,7355,-0.0541,0.0198,N,N,6047,-0.0085
RF01047,SweetWave,Sweet Snacks,2026-01-23,4,2026,CONV_STORE,WEST,PLNT_LAX,6223,5664,6401,6247,5588,6275,4847,0.0869,0.0477,N,N,6298,-0.0571
RF01047,SweetWave,Sweet Snacks,2026-01-30,5,2026,CONV_STORE,WEST,PLNT_LAX,6602,6274,6562,6480,6735,6375,6269,-0.0043,0.0902,Y,N,7741,0.1537
RF01047,SweetWave,Sweet Snacks,2026-02-06,6,2026,GROCERY,WEST,PLNT_LAX,6571,6555,6641,6665,6646,7878,7711,0.1671,0.1583,N,N,6374,0.0228
RF01047,SweetWave,Sweet Snacks,2026-02-13,7,2026,MASS_MERCH,SOUTHEAST,PLNT_LAX,6963,6558,6970,6887,7440,6527,6220,0.1595,0.186,N,N,8147,0.1469
RF01047,SweetWave,Sweet Snacks,2026-02-20,8,2026,MASS_MERCH,MIDWEST,PLNT_LAX,7873,7732,8769,8434,7818,9358,8345,0.0307,0.1867,N,N,6721,0.0096
RF01047,SweetWave,Sweet Snacks,2026-02-27,9,2026,GROCERY,NORTHEAST,PLNT_LAX,6941,6154,6384,6244,6099,7427,6348,0.0473,0.1913,N,N,5719,0.0
RF01047,SweetWave,Sweet Snacks,2026-03-06,10,2026,DRUG_STORE,SOUTHWEST,PLNT_LAX,7087,6262,7219,7230,7698,8653,5912,-0.2025,0.1461,N,N,6928,-0.0124
RF01047,SweetWave,Sweet Snacks,2026-03-13,11,2026,DRUG_STORE,MIDWEST,PLNT_LAX,7035,7544,7116,7467,8226,7934,7282,0.0071,0.1375,Y,N,6334,0.0865
RF01047,SweetWave,Sweet Snacks,2026-03-20,12,2026,CLUB,SOUTHWEST,PLNT_LAX,6940,6677,6992,7129,7879,7287,7089,-0.1455,0.0546,Y,N,8183,0.2192
RF01047,SweetWave,Sweet Snacks,2026-03-27,13,2026,CONV_STORE,MIDWEST,PLNT_LAX,7090,7382,7612,7408,7216,8192,9286,0.0573,0.2061,N,N,6714,0.0926
RF01047,SweetWave,Sweet Snacks,2026-04-03,14,2026,GROCERY,SOUTHEAST,PLNT_LAX,6766,6190,6422,6666,7502,5856,7518,-0.0394,0.0227,N,N,8057,0.1067
RF01047,SweetWave,Sweet Snacks,2026-04-10,15,2026,DRUG_STORE,SOUTHEAST,PLNT_LAX,6710,7218,6181,6142,5792,5721,6694,-0.0814,0.1166,Y,N,6857,-0.0989
RF01047,SweetWave,Sweet Snacks,2026-04-17,16,2026,CLUB,WEST,PLNT_LAX,6718,6029,6843,6989,6260,7979,7489,0.0535,0.0857,Y,N,7081,0.0989
RF01047,SweetWave,Sweet Snacks,2026-04-24,17,2026,ECOMM,SOUTHEAST,PLNT_LAX,7362,7879,7048,7202,6837,8351,6665,0.0427,0.1266,Y,N,7950,0.1416
RF01047,SweetWave,Sweet Snacks,2026-05-01,18,2026,ECOMM,MIDWEST,PLNT_LAX,6662,5973,7449,7404,7505,6259,7220,-0.008,0.1684,N,N,6287,0.0332
RF01047,SweetWave,Sweet Snacks,2026-05-08,19,2026,CLUB,NORTHEAST,PLNT_LAX,6713,6764,7416,7697,7724,8123,7609,0.0465,0.1261,N,N,7814,-0.0158
RF01049,RefreshCo,Sweet Snacks,2025-11-14,46,2025,CONV_STORE,WEST,PLNT_CHI,13235,13351,15089,15107,16182,17002,15877,-0.0122,0.0488,N,N,15282,0.1119
RF01049,RefreshCo,Sweet Snacks,2025-11-21,47,2025,MASS_MERCH,SOUTHWEST,PLNT_CHI,13631,15244,13339,13444,12196,15314,14935,-0.0064,0.119,N,N,16283,0.1273
RF01049,RefreshCo,Sweet Snacks,2025-11-28,48,2025,MASS_MERCH,WEST,PLNT_CHI,11624,12211,10970,10566,11080,11042,8835,-0.0318,0.1271,Y,N,13880,0.1948
RF01049,RefreshCo,Sweet Snacks,2025-12-05,49,2025,ECOMM,SOUTHEAST,PLNT_CHI,13582,13229,14997,15662,17787,15920,16018,-0.0594,0.1951,N,N,11523,0.0881
RF01049,RefreshCo,Sweet Snacks,2025-12-12,50,2025,CLUB,WEST,PLNT_CHI,14446,13509,16211,15426,15122,15193,12506,0.0073,0.1803,N,N,14781,-0.0365
RF01049,RefreshCo,Sweet Snacks,2025-12-19,51,2025,CONV_STORE,SOUTHEAST,PLNT_CHI,14916,14508,13466,12905,12606,14489,11653,-0.0668,0.1581,N,N,15810,-0.0037
RF01049,RefreshCo,Sweet Snacks,2025-12-26,52,2025,DRUG_STORE,WEST,PLNT_CHI,14493,14528,13215,13191,13808,11794,12055,-0.0061,0.1734,N,N,11796,-0.0791
RF01049,RefreshCo,Sweet Snacks,2026-01-02,1,2026,MASS_MERCH,NORTHEAST,PLNT_CHI,15417,13629,17094,16930,16527,19129,21163,0.1507,0.1964,N,N,12454,-0.007
RF01049,RefreshCo,Sweet Snacks,2026-01-09,2,2026,GROCERY,NORTHEAST,PLNT_CHI,14664,16326,15648,15526,13715,16550,19183,-0.0594,0.1122,Y,N,17556,0.0886
RF01049,RefreshCo,Sweet Snacks,2026-01-16,3,2026,ECOMM,WEST,PLNT_CHI,15279,16407,15820,15188,14427,16024,11728,0.0843,0.077,N,N,14788,-0.036
RF01049,RefreshCo,Sweet Snacks,2026-01-23,4,2026,DRUG_STORE,SOUTHEAST,PLNT_CHI,15606,15148,16876,16985,16662,16890,12877,0.1171,0.1264,N,N,16016,0.1673
RF01049,RefreshCo,Sweet Snacks,2026-01-30,5,2026,CONV_STORE,NORTHEAST,PLNT_CHI,12304,12777,12566,12709,12409,13277,10748,0.0648,0.0969,N,N,13254,0.0539
RF01049,RefreshCo,Sweet Snacks,2026-02-06,6,2026,CONV_STORE,SOUTHWEST,PLNT_CHI,15385,13859,15506,15818,17412,16763,16703,0.0369,0.1388,Y,N,15712,-0.0274
RF01049,RefreshCo,Sweet Snacks,2026-02-13,7,2026,GROCERY,SOUTHWEST,PLNT_CHI,17645,19327,17506,16874,16433,17110,21343,0.027,0.1712,N,N,19395,0.1334
RF01049,RefreshCo,Sweet Snacks,2026-02-20,8,2026,CLUB,WEST,PLNT_CHI,14456,13362,13280,13335,12236,11400,15038,0.0258,0.0932,N,N,15052,0.0775
RF01049,RefreshCo,Sweet Snacks,2026-02-27,9,2026,CONV_STORE,MIDWEST,PLNT_CHI,14234,12780,13000,13269,12595,11545,15741,0.0335,0.0915,N,N,13203,0.1222
RF01049,RefreshCo,Sweet Snacks,2026-03-06,10,2026,CONV_STORE,SOUTHWEST,PLNT_CHI,15384,16657,14389,14884,16311,16222,11305,-0.0209,0.1179,N,N,17836,-0.0032
RF01049,RefreshCo,Sweet Snacks,2026-03-13,11,2026,DRUG_STORE,SOUTHEAST,PLNT_CHI,13262,13132,12636,12176,12307,14238,13075,0.1251,0.2149,N,N,13184,-0.1223
RF01049,RefreshCo,Sweet Snacks,2026-03-20,12,2026,DRUG_STORE,SOUTHEAST,PLNT_CHI,13907,13962,13075,12763,11530,15284,10062,-0.1241,0.19,N,N,11160,-0.0138
RF01049,RefreshCo,Sweet Snacks,2026-03-27,13,2026,GROCERY,NORTHEAST,PLNT_CHI,16496,18249,17491,17933,16322,17238,13459,0.0766,0.1493,N,N,17531,0.1605
RF01049,RefreshCo,Sweet Snacks,2026-04-03,14,2026,DRUG_STORE,NORTHEAST,PLNT_CHI,14442,15299,13155,12974,14185,11309,10032,0.0975,0.0137,N,N,11580,0.0912
RF01049,RefreshCo,Sweet Snacks,2026-04-10,15,2026,ECOMM,MIDWEST,PLNT_CHI,12636,13636,13437,13943,14306,13167,12622,0.0376,0.1323,N,N,13106,-0.0214
RF01049,RefreshCo,Sweet Snacks,2026-04-17,16,2026,DRUG_STORE,NORTHEAST,PLNT_CHI,12806,12535,11946,11655,11509,12802,14667,-0.051,0.1393,Y,N,14367,-0.0991
RF01049,RefreshCo,Sweet Snacks,2026-04-24,17,2026,CONV_STORE,MIDWEST,PLNT_CHI,14452,15845,15627,14956,13337,14263,15667,-0.0108,0.0874,Y,N,13277,-0.0145
RF01049,RefreshCo,Sweet Snacks,2026-05-01,18,2026,MASS_MERCH,MIDWEST,PLNT_CHI,15726,16587,15874,15912,17607,13963,16403,-0.0055,0.0803,N,Y,15281,0.0935
RF01049,RefreshCo,Sweet Snacks,2026-05-08,19,2026,ECOMM,WEST,PLNT_CHI,14311,15993,16444,17086,15902,15981,14416,0.1146,0.1383,N,N,16996,-0.072
RF01050,ZingEnergy,Sweet Snacks,2025-11-14,46,2025,CONV_STORE,NORTHEAST,PLNT_ATL,6624,6360,6699,6661,6543,6598,6180,0.039,0.2539,Y,N,7231,0.1873
RF01050,ZingEnergy,Sweet Snacks,2025-11-21,47,2025,GROCERY,SOUTHWEST,PLNT_ATL,6767,7476,7616,7482,7807,7015,5720,0.0213,0.1477,Y,N,8111,0.0365
RF01050,ZingEnergy,Sweet Snacks,2025-11-28,48,2025,MASS_MERCH,MIDWEST,PLNT_ATL,6236,6068,6549,6671,7267,7255,6577,0.0421,0.0499,Y,N,6001,0.1574
RF01050,ZingEnergy,Sweet Snacks,2025-12-05,49,2025,GROCERY,SOUTHEAST,PLNT_ATL,6135,5862,6932,6771,7715,7849,7471,-0.1037,0.1733,N,N,5784,0.2751
RF01050,ZingEnergy,Sweet Snacks,2025-12-12,50,2025,GROCERY,NORTHEAST,PLNT_ATL,7046,7654,7679,7832,7542,7425,9455,0.0172,0.2384,N,N,7571,-0.0705
RF01050,ZingEnergy,Sweet Snacks,2025-12-19,51,2025,GROCERY,SOUTHWEST,PLNT_ATL,6667,7291,6566,6525,5911,6448,5555,-0.0253,0.1755,Y,N,7315,0.157
RF01050,ZingEnergy,Sweet Snacks,2025-12-26,52,2025,GROCERY,NORTHEAST,PLNT_ATL,6879,7561,7337,7578,8604,7042,8404,-0.0821,0.1308,N,N,7972,0.1399
RF01050,ZingEnergy,Sweet Snacks,2026-01-02,1,2026,GROCERY,WEST,PLNT_ATL,7535,6858,6840,6644,6903,7902,5983,0.0637,0.1656,N,N,6695,0.0843
RF01050,ZingEnergy,Sweet Snacks,2026-01-09,2,2026,CONV_STORE,SOUTHEAST,PLNT_ATL,6812,7002,6427,6456,7207,6976,6006,-0.1158,0.177,Y,N,6776,0.0737
RF01050,ZingEnergy,Sweet Snacks,2026-01-16,3,2026,ECOMM,NORTHEAST,PLNT_ATL,7480,6616,7800,8145,7323,7876,8004,0.0153,0.1117,N,N,7482,0.2476
RF01050,ZingEnergy,Sweet Snacks,2026-01-23,4,2026,CONV_STORE,MIDWEST,PLNT_ATL,7388,8079,7051,6835,7047,8106,6484,-0.0189,0.1207,N,N,8416,0.0488
RF01050,ZingEnergy,Sweet Snacks,2026-01-30,5,2026,GROCERY,SOUTHWEST,PLNT_ATL,7737,7213,8187,8455,7907,8152,7484,0.0795,0.1508,Y,N,6758,-0.0054
RF01050,ZingEnergy,Sweet Snacks,2026-02-06,6,2026,MASS_MERCH,MIDWEST,PLNT_ATL,7818,8656,8409,8114,7838,6947,6151,0.0393,0.1382,N,N,8877,-0.1119
RF01050,ZingEnergy,Sweet Snacks,2026-02-13,7,2026,DRUG_STORE,WEST,PLNT_ATL,7893,8152,8996,9046,8556,7465,11034,0.0372,0.1639,N,N,8260,0.119
RF01050,ZingEnergy,Sweet Snacks,2026-02-20,8,2026,CONV_STORE,WEST,PLNT_ATL,8542,8202,9770,10172,10423,12136,10061,0.027,0.1943,Y,N,8861,-0.1462
RF01050,ZingEnergy,Sweet Snacks,2026-02-27,9,2026,CLUB,SOUTHEAST,PLNT_ATL,7326,6528,8339,8122,8831,9390,6700,0.0424,0.0702,Y,N,7218,0.1461
RF01050,ZingEnergy,Sweet Snacks,2026-03-06,10,2026,CONV_STORE,SOUTHEAST,PLNT_ATL,8157,7180,8248,7910,7424,8746,5958,0.0366,0.1548,Y,N,8509,0.2128
RF01050,ZingEnergy,Sweet Snacks,2026-03-13,11,2026,ECOMM,SOUTHWEST,PLNT_ATL,7432,8157,7663,7375,7875,7971,7741,-0.0053,0.0255,N,N,7049,0.1236
RF01050,ZingEnergy,Sweet Snacks,2026-03-20,12,2026,CLUB,SOUTHWEST,PLNT_ATL,7303,7458,7144,7322,6762,7925,6972,0.0098,0.0263,N,N,8521,0.0202
RF01050,ZingEnergy,Sweet Snacks,2026-03-27,13,2026,DRUG_STORE,WEST,PLNT_ATL,6662,6980,7424,7102,7990,7196,7516,0.0381,0.2073,N,N,6158,-0.0881
RF01050,ZingEnergy,Sweet Snacks,2026-04-03,14,2026,MASS_MERCH,NORTHEAST,PLNT_ATL,7560,7585,7121,7301,6527,7516,7855,0.0318,0.0382,N,N,8051,0.0016
RF01050,ZingEnergy,Sweet Snacks,2026-04-10,15,2026,MASS_MERCH,SOUTHEAST,PLNT_ATL,7491,7090,7654,7484,8384,8583,8579,0.0705,0.2683,N,N,8121,0.1707
RF01050,ZingEnergy,Sweet Snacks,2026-04-17,16,2026,CLUB,SOUTHEAST,PLNT_ATL,7013,7409,7599,7315,8298,6768,8255,-0.094,0.1894,Y,N,6617,0.2293
RF01050,ZingEnergy,Sweet Snacks,2026-04-24,17,2026,MASS_MERCH,WEST,PLNT_ATL,7768,7028,7715,7478,6762,7085,5794,-0.0323,0.1191,N,N,7284,0.1195
RF01050,ZingEnergy,Sweet Snacks,2026-05-01,18,2026,ECOMM,NORTHEAST,PLNT_ATL,7132,7693,7233,7128,7405,6452,8247,-0.0358,0.0848,N,N,7653,-0.1194
RF01050,ZingEnergy,Sweet Snacks,2026-05-08,19,2026,GROCERY,SOUTHEAST,PLNT_ATL,7435,6674,7246,7510,7745,8885,6500,-0.1843,0.1337,Y,N,7557,0.03
RF01051,ZingEnergy,Sweet Snacks,2025-11-14,46,2025,GROCERY,SOUTHWEST,PLNT_DAL,5925,6020,6519,6325,6366,6390,5973,0.051,0.0661,N,N,6890,-0.0005
RF01051,ZingEnergy,Sweet Snacks,2025-11-21,47,2025,MASS_MERCH,NORTHEAST,PLNT_DAL,5500,6016,5476,5585,5742,6286,5260,0.0529,0.1935,N,N,5061,0.0987
RF01051,ZingEnergy,Sweet Snacks,2025-11-28,48,2025,MASS_MERCH,SOUTHEAST,PLNT_DAL,7335,7144,6961,6826,7014,6489,6213,0.0667,0.0912,Y,N,6998,-0.0043
RF01051,ZingEnergy,Sweet Snacks,2025-12-05,49,2025,DRUG_STORE,SOUTHEAST,PLNT_DAL,5588,5036,6382,6226,6967,6853,7774,0.0812,0.0703,N,N,5620,0.0044
RF01051,ZingEnergy,Sweet Snacks,2025-12-12,50,2025,ECOMM,WEST,PLNT_DAL,5504,4895,5964,6231,5642,6584,6019,0.0061,0.0584,N,N,5851,-0.108
RF01051,ZingEnergy,Sweet Snacks,2025-12-19,51,2025,MASS_MERCH,MIDWEST,PLNT_DAL,6068,5661,6310,6502,7323,7738,5519,-0.0137,0.1063,N,N,5487,0.0709
RF01051,ZingEnergy,Sweet Snacks,2025-12-26,52,2025,CONV_STORE,WEST,PLNT_DAL,6723,7221,6455,6183,6244,5135,7849,0.1605,0.1072,N,N,7233,0.2781
RF01051,ZingEnergy,Sweet Snacks,2026-01-02,1,2026,CLUB,MIDWEST,PLNT_DAL,6306,6754,6308,6441,6876,7589,7958,-0.0639,0.0995,N,N,6468,0.1088
RF01051,ZingEnergy,Sweet Snacks,2026-01-09,2,2026,DRUG_STORE,NORTHEAST,PLNT_DAL,6903,6715,7469,7675,7613,8935,6270,0.0165,0.1418,Y,N,5544,0.1283
RF01051,ZingEnergy,Sweet Snacks,2026-01-16,3,2026,CONV_STORE,SOUTHEAST,PLNT_DAL,6186,6361,7020,7025,7570,7351,6471,0.153,0.193,N,N,5398,-0.0179
RF01051,ZingEnergy,Sweet Snacks,2026-01-23,4,2026,CONV_STORE,WEST,PLNT_DAL,6789,6712,7774,7491,8515,6898,7146,-0.0271,0.165,N,N,7198,-0.0002
RF01051,ZingEnergy,Sweet Snacks,2026-01-30,5,2026,CONV_STORE,MIDWEST,PLNT_DAL,6321,6923,7175,7402,8219,6670,8727,-0.0102,0.0608,N,N,5320,0.0762
RF01051,ZingEnergy,Sweet Snacks,2026-02-06,6,2026,DRUG_STORE,WEST,PLNT_DAL,7359,6528,7810,7990,8738,9344,6594,-0.0751,0.1619,N,N,8632,0.1189
RF01051,ZingEnergy,Sweet Snacks,2026-02-13,7,2026,MASS_MERCH,SOUTHWEST,PLNT_DAL,6520,6305,7448,7283,8092,7371,7240,0.0658,0.1103,N,N,5509,0.2202
RF01051,ZingEnergy,Sweet Snacks,2026-02-20,8,2026,CLUB,WEST,PLNT_DAL,6916,7529,7838,7976,7871,7575,9118,0.2144,0.1981,N,N,6722,0.2483
RF01051,ZingEnergy,Sweet Snacks,2026-02-27,9,2026,GROCERY,NORTHEAST,PLNT_DAL,6313,5850,5687,5561,6231,5889,5223,-0.0544,0.1571,N,Y,7414,0.1456
RF01051,ZingEnergy,Sweet Snacks,2026-03-06,10,2026,DRUG_STORE,SOUTHEAST,PLNT_DAL,6204,6924,5640,5877,6286,4965,4988,0.1061,0.0069,Y,N,6462,0.0934
RF01051,ZingEnergy,Sweet Snacks,2026-03-13,11,2026,DRUG_STORE,WEST,PLNT_DAL,6457,6909,7053,6853,7466,7427,6935,0.1233,0.1282,Y,N,6058,0.0676
RF01051,ZingEnergy,Sweet Snacks,2026-03-20,12,2026,CLUB,SOUTHEAST,PLNT_DAL,6173,6011,6954,6624,6820,7020,6669,-0.0735,0.1208,N,N,6981,0.1027
RF01051,ZingEnergy,Sweet Snacks,2026-03-27,13,2026,CLUB,SOUTHWEST,PLNT_DAL,6632,7283,6214,5996,5630,6320,7336,-0.0735,0.0904,N,N,7139,-0.0049
RF01051,ZingEnergy,Sweet Snacks,2026-04-03,14,2026,DRUG_STORE,SOUTHWEST,PLNT_DAL,6484,6051,6409,6171,5570,5880,4741,-0.103,0.0155,N,N,6513,0.1977
RF01051,ZingEnergy,Sweet Snacks,2026-04-10,15,2026,MASS_MERCH,SOUTHWEST,PLNT_DAL,5655,6278,6170,6359,5659,5248,5189,0.0803,0.0754,N,N,5776,0.108
RF01051,ZingEnergy,Sweet Snacks,2026-04-17,16,2026,DRUG_STORE,SOUTHWEST,PLNT_DAL,6362,6453,7255,7404,8292,8215,7648,-0.0437,0.1168,Y,N,5758,0.1616
RF01051,ZingEnergy,Sweet Snacks,2026-04-24,17,2026,MASS_MERCH,SOUTHEAST,PLNT_DAL,6559,7289,7513,7875,8812,7978,8555,0.1966,0.1214,N,N,7845,-0.0597
RF01051,ZingEnergy,Sweet Snacks,2026-05-01,18,2026,MASS_MERCH,SOUTHEAST,PLNT_DAL,6069,6385,6471,6590,7057,6289,5142,-0.0604,0.1713,N,N,5757,0.2694
RF01051,ZingEnergy,Sweet Snacks,2026-05-08,19,2026,MASS_MERCH,NORTHEAST,PLNT_DAL,6016,6496,6370,6511,7177,5622,5074,0.0442,0.0351,N,N,4827,0.1686
RF01052,RefreshCo,Sweet Snacks,2025-11-14,46,2025,GROCERY,NORTHEAST,PLNT_CHI,14954,15930,15900,15620,14638,15095,15037,-0.1333,0.2184,N,N,16916,0.1141
RF01052,RefreshCo,Sweet Snacks,2025-11-21,47,2025,GROCERY,MIDWEST,PLNT_CHI,12856,11508,13918,14322,13789,14838,16808,0.0326,0.2012,N,N,13989,-0.0282
RF01052,RefreshCo,Sweet Snacks,2025-11-28,48,2025,GROCERY,WEST,PLNT_CHI,15049,16559,14831,14724,16530,12584,16668,0.0652,0.0854,N,N,14192,-0.0054
RF01052,RefreshCo,Sweet Snacks,2025-12-05,49,2025,DRUG_STORE,SOUTHEAST,PLNT_CHI,14591,12841,13631,13295,14004,11261,16079,0.1036,0.0876,N,N,12100,0.0416
RF01052,RefreshCo,Sweet Snacks,2025-12-12,50,2025,DRUG_STORE,WEST,PLNT_CHI,14574,15331,16417,16614,17067,16489,12780,0.0771,0.1854,Y,N,16866,0.0019
RF01052,RefreshCo,Sweet Snacks,2025-12-19,51,2025,DRUG_STORE,NORTHEAST,PLNT_CHI,14749,16466,13957,13870,13865,13160,14642,0.1621,0.0379,N,N,13198,0.0082
RF01052,RefreshCo,Sweet Snacks,2025-12-26,52,2025,CLUB,MIDWEST,PLNT_CHI,14307,14756,14921,15541,14496,16302,16844,-0.0215,0.0819,Y,N,15595,0.1095
RF01052,RefreshCo,Sweet Snacks,2026-01-02,1,2026,ECOMM,NORTHEAST,PLNT_CHI,14132,13227,13230,12778,12413,10592,11947,-0.0141,0.1369,N,N,15825,-0.0495
RF01052,RefreshCo,Sweet Snacks,2026-01-09,2,2026,DRUG_STORE,SOUTHWEST,PLNT_CHI,14995,13375,14021,14677,14084,15073,16939,0.0292,0.0696,N,N,13852,0.0423
RF01052,RefreshCo,Sweet Snacks,2026-01-16,3,2026,GROCERY,MIDWEST,PLNT_CHI,16049,14898,18017,17884,19727,14889,17267,-0.0102,0.0639,N,Y,17584,0.1884
RF01052,RefreshCo,Sweet Snacks,2026-01-23,4,2026,GROCERY,WEST,PLNT_CHI,16426,16885,18737,18627,19540,16246,20840,0.0039,0.1269,N,N,17865,0.1203
RF01052,RefreshCo,Sweet Snacks,2026-01-30,5,2026,MASS_MERCH,SOUTHWEST,PLNT_CHI,15672,14398,14735,14607,13992,17458,17561,0.087,0.0193,N,N,16110,-0.1355
RF01052,RefreshCo,Sweet Snacks,2026-02-06,6,2026,CONV_STORE,MIDWEST,PLNT_CHI,14860,16367,14911,14813,15938,17070,18506,0.0888,0.1089,N,N,16593,0.1219
RF01052,RefreshCo,Sweet Snacks,2026-02-13,7,2026,ECOMM,SOUTHEAST,PLNT_CHI,15196,15449,15969,15561,17067,18346,13802,0.0583,0.0767,N,N,14648,-0.0064
RF01052,RefreshCo,Sweet Snacks,2026-02-20,8,2026,MASS_MERCH,NORTHEAST,PLNT_CHI,16930,18298,18198,17599,18202,17778,14395,0.0345,0.1037,Y,N,19080,-0.1497
RF01052,RefreshCo,Sweet Snacks,2026-02-27,9,2026,MASS_MERCH,NORTHEAST,PLNT_CHI,14102,14381,15983,15343,17360,18398,17689,-0.1092,0.0999,Y,N,15578,0.0543
RF01052,RefreshCo,Sweet Snacks,2026-03-06,10,2026,CLUB,SOUTHWEST,PLNT_CHI,14470,15691,14280,13975,13644,13969,14818,0.0289,0.1397,Y,Y,13185,-0.0081
RF01052,RefreshCo,Sweet Snacks,2026-03-13,11,2026,ECOMM,NORTHEAST,PLNT_CHI,14446,15933,13537,13687,14973,11958,15613,0.0479,0.1,Y,N,14223,0.0911
RF01052,RefreshCo,Sweet Snacks,2026-03-20,12,2026,ECOMM,MIDWEST,PLNT_CHI,16257,16369,17049,16521,17236,18818,20830,-0.1042,0.0602,N,N,16968,-0.0034
RF01052,RefreshCo,Sweet Snacks,2026-03-27,13,2026,CONV_STORE,SOUTHWEST,PLNT_CHI,15633,15109,15235,14868,14583,12669,12906,-0.0013,0.0642,N,N,13654,0.0098
RF01052,RefreshCo,Sweet Snacks,2026-04-03,14,2026,MASS_MERCH,MIDWEST,PLNT_CHI,15061,15678,14065,14568,14552,12959,14065,-0.0212,0.1135,Y,N,15539,0.0206
RF01052,RefreshCo,Sweet Snacks,2026-04-10,15,2026,GROCERY,NORTHEAST,PLNT_CHI,13190,14142,13177,13600,13920,15811,17044,0.0166,0.0833,Y,N,12564,0.2133
RF01052,RefreshCo,Sweet Snacks,2026-04-17,16,2026,DRUG_STORE,SOUTHWEST,PLNT_CHI,14195,15510,15095,15316,17019,12933,13625,0.0073,0.1708,N,N,12652,0.0359
RF01052,RefreshCo,Sweet Snacks,2026-04-24,17,2026,ECOMM,MIDWEST,PLNT_CHI,14753,16336,13880,14317,14170,13580,14140,-0.126,0.0569,N,N,12988,0.2481
RF01052,RefreshCo,Sweet Snacks,2026-05-01,18,2026,CONV_STORE,SOUTHWEST,PLNT_CHI,13528,14479,12206,11615,11953,10000,9969,0.0141,0.1326,Y,N,13208,0.0416
RF01052,RefreshCo,Sweet Snacks,2026-05-08,19,2026,GROCERY,SOUTHWEST,PLNT_CHI,13811,15139,15134,14929,16459,13047,14981,-0.0208,0.0429,N,N,11361,-0.0875
RF01053,NatureNosh,Sweet Snacks,2025-11-14,46,2025,ECOMM,MIDWEST,PLNT_DAL,6199,6799,6989,7153,7812,6329,5474,0.0513,0.1025,N,Y,6298,0.306
RF01053,NatureNosh,Sweet Snacks,2025-11-21,47,2025,GROCERY,NORTHEAST,PLNT_DAL,5289,5669,5830,6003,5991,5294,5022,0.07,0.1346,N,N,5953,-0.0555
RF01053,NatureNosh,Sweet Snacks,2025-11-28,48,2025,GROCERY,SOUTHWEST,PLNT_DAL,6258,5895,7013,6986,7314,7562,6428,-0.1555,0.1181,N,N,7164,0.0966
RF01053,NatureNosh,Sweet Snacks,2025-12-05,49,2025,DRUG_STORE,SOUTHEAST,PLNT_DAL,6678,6453,6914,6939,7529,6927,5749,0.0085,0.0187,Y,N,5449,0.0299
RF01053,NatureNosh,Sweet Snacks,2025-12-12,50,2025,CLUB,MIDWEST,PLNT_DAL,7403,7124,7392,7416,8290,8123,6141,-0.0183,0.1207,Y,N,8707,0.1308
RF01053,NatureNosh,Sweet Snacks,2025-12-19,51,2025,DRUG_STORE,WEST,PLNT_DAL,6862,6177,7855,7555,6730,8195,9600,-0.0153,0.017,N,Y,8004,-0.0309
RF01053,NatureNosh,Sweet Snacks,2025-12-26,52,2025,CLUB,NORTHEAST,PLNT_DAL,7092,7696,7912,7899,8589,9276,8428,0.0153,0.072,N,N,6680,0.1677
RF01053,NatureNosh,Sweet Snacks,2026-01-02,1,2026,MASS_MERCH,SOUTHEAST,PLNT_DAL,6468,7084,5998,5759,6423,6791,6603,-0.0554,0.1201,Y,Y,7392,0.1932
RF01053,NatureNosh,Sweet Snacks,2026-01-09,2,2026,CONV_STORE,WEST,PLNT_DAL,7264,6699,7770,7913,8772,7638,9952,0.0516,0.2027,Y,N,6379,-0.0668
RF01053,NatureNosh,Sweet Snacks,2026-01-16,3,2026,ECOMM,WEST,PLNT_DAL,7587,7482,8544,8132,8211,8519,10074,0.01,0.1869,N,Y,7205,0.0499
RF01053,NatureNosh,Sweet Snacks,2026-01-23,4,2026,CONV_STORE,SOUTHEAST,PLNT_DAL,7018,7328,6441,6612,7173,6547,5860,-0.1045,0.1087,N,N,6063,-0.0326
RF01053,NatureNosh,Sweet Snacks,2026-01-30,5,2026,DRUG_STORE,SOUTHWEST,PLNT_DAL,7893,7730,7632,7595,7313,6719,9367,-0.0714,0.1097,Y,N,8027,0.0307
RF01053,NatureNosh,Sweet Snacks,2026-02-06,6,2026,MASS_MERCH,SOUTHEAST,PLNT_DAL,7814,6928,7753,7927,8196,6852,7300,0.1047,0.211,N,Y,8099,-0.1674
RF01053,NatureNosh,Sweet Snacks,2026-02-13,7,2026,CLUB,SOUTHEAST,PLNT_DAL,7240,7381,6936,6758,7081,5984,7297,0.1283,0.0905,Y,N,6012,0.2352
RF01053,NatureNosh,Sweet Snacks,2026-02-20,8,2026,MASS_MERCH,SOUTHEAST,PLNT_DAL,7219,6399,7704,7580,8096,6858,7847,-0.0756,0.1307,N,N,6423,0.0112
RF01053,NatureNosh,Sweet Snacks,2026-02-27,9,2026,MASS_MERCH,NORTHEAST,PLNT_DAL,7647,7908,7220,6968,6805,6497,7673,-0.003,0.1903,N,N,7779,-0.0865
RF01053,NatureNosh,Sweet Snacks,2026-03-06,10,2026,GROCERY,WEST,PLNT_DAL,6272,5967,5658,5807,5603,5989,4535,-0.035,0.1013,Y,N,5020,0.1355
RF01053,NatureNosh,Sweet Snacks,2026-03-13,11,2026,CLUB,WEST,PLNT_DAL,7632,8416,8615,8613,8655,9785,8837,-0.0281,0.1447,N,N,8762,-0.2602
RF01053,NatureNosh,Sweet Snacks,2026-03-20,12,2026,CONV_STORE,SOUTHEAST,PLNT_DAL,7538,6848,7604,7322,6656,6396,9101,-0.1182,0.1336,Y,Y,8111,-0.0303
RF01053,NatureNosh,Sweet Snacks,2026-03-27,13,2026,CONV_STORE,SOUTHWEST,PLNT_DAL,7762,7301,7406,7755,8715,9061,8152,0.0335,0.1977,Y,N,7595,-0.1435
RF01053,NatureNosh,Sweet Snacks,2026-04-03,14,2026,CLUB,WEST,PLNT_DAL,7679,7880,8786,8590,7774,7568,9621,-0.0527,0.1781,Y,N,7440,0.1373
RF01053,NatureNosh,Sweet Snacks,2026-04-10,15,2026,MASS_MERCH,SOUTHEAST,PLNT_DAL,8082,7438,7278,6918,7057,6181,6640,0.036,0.1237,N,N,7045,0.0325
RF01053,NatureNosh,Sweet Snacks,2026-04-17,16,2026,ECOMM,SOUTHEAST,PLNT_DAL,7398,6927,7970,8316,9317,9481,8951,0.1182,0.0785,N,N,7096,-0.0906
RF01053,NatureNosh,Sweet Snacks,2026-04-24,17,2026,MASS_MERCH,SOUTHEAST,PLNT_DAL,7234,7160,7299,7112,7818,8515,6113,-0.0253,0.1771,N,N,8564,-0.0785
RF01053,NatureNosh,Sweet Snacks,2026-05-01,18,2026,GROCERY,WEST,PLNT_DAL,7358,8064,6775,6664,7446,7363,7710,0.1097,0.1493,Y,N,8726,0.1585
RF01053,NatureNosh,Sweet Snacks,2026-05-08,19,2026,MASS_MERCH,SOUTHEAST,PLNT_DAL,8071,7470,8603,8853,9440,7772,9797,0.1558,0.1767,Y,N,7945,-0.118
RF01054,NatureNosh,RTD Juice,2025-11-14,46,2025,GROCERY,SOUTHWEST,PLNT_LAX,13118,13773,14312,14943,16851,14991,14261,0.0553,0.0832,N,N,13548,-0.062
RF01054,NatureNosh,RTD Juice,2025-11-21,47,2025,CONV_STORE,SOUTHEAST,PLNT_LAX,14328,14459,13255,13459,14539,14213,13426,0.0267,0.0621,N,N,12096,0.082
RF01054,NatureNosh,RTD Juice,2025-11-28,48,2025,CONV_STORE,MIDWEST,PLNT_LAX,13663,14821,14493,14552,15305,12918,16124,0.0043,0.2313,Y,N,12945,0.0269
RF01054,NatureNosh,RTD Juice,2025-12-05,49,2025,ECOMM,NORTHEAST,PLNT_LAX,13896,13510,13099,13583,12441,13451,12404,-0.0033,0.0426,N,N,12359,0.033
RF01054,NatureNosh,RTD Juice,2025-12-12,50,2025,MASS_MERCH,WEST,PLNT_LAX,13219,13651,14421,14764,16299,12232,13170,0.1046,0.0192,N,N,15847,0.0717
RF01054,NatureNosh,RTD Juice,2025-12-19,51,2025,ECOMM,WEST,PLNT_LAX,14458,14870,14763,14855,14838,16053,15062,0.0531,0.035,N,N,13161,-0.0263
RF01054,NatureNosh,RTD Juice,2025-12-26,52,2025,DRUG_STORE,SOUTHWEST,PLNT_LAX,14405,14779,14779,14486,13661,16496,14849,0.0049,0.0921,N,N,14596,-0.0194
RF01054,NatureNosh,RTD Juice,2026-01-02,1,2026,GROCERY,WEST,PLNT_LAX,14820,15119,13441,13158,12149,13989,15490,0.0188,0.1579,Y,N,17704,-0.0351
RF01054,NatureNosh,RTD Juice,2026-01-09,2,2026,ECOMM,NORTHEAST,PLNT_LAX,14577,14432,14565,14258,12614,14640,12738,0.0576,0.1483,Y,N,14905,-0.0579
RF01054,NatureNosh,RTD Juice,2026-01-16,3,2026,CONV_STORE,WEST,PLNT_LAX,13493,14707,14857,14604,14943,15409,16656,-0.0051,0.1112,N,N,13039,0.275
RF01054,NatureNosh,RTD Juice,2026-01-23,4,2026,GROCERY,NORTHEAST,PLNT_LAX,14825,16338,14999,14804,13029,12397,13809,0.0097,0.0502,Y,N,16476,0.155
RF01054,NatureNosh,RTD Juice,2026-01-30,5,2026,GROCERY,WEST,PLNT_LAX,14538,15972,16538,16351,15498,16920,19416,0.0624,0.2079,N,N,14240,0.0164
RF01054,NatureNosh,RTD Juice,2026-02-06,6,2026,ECOMM,SOUTHWEST,PLNT_LAX,16395,18023,18494,18778,17315,21664,22081,0.0633,0.2031,Y,N,17627,0.073
RF01054,NatureNosh,RTD Juice,2026-02-13,7,2026,ECOMM,WEST,PLNT_LAX,15793,15018,17963,17517,19687,16982,15683,0.0388,0.0854,N,N,18424,0.1448
RF01054,NatureNosh,RTD Juice,2026-02-20,8,2026,CONV_STORE,MIDWEST,PLNT_LAX,16264,15787,17839,17171,17839,16926,17225,0.1832,0.0948,Y,N,14187,0.1558
RF01054,NatureNosh,RTD Juice,2026-02-27,9,2026,DRUG_STORE,NORTHEAST,PLNT_LAX,14707,13702,15571,15819,14984,14818,19416,-0.0254,0.1036,N,N,13076,0.1335
RF01054,NatureNosh,RTD Juice,2026-03-06,10,2026,CONV_STORE,NORTHEAST,PLNT_LAX,14856,16097,16407,16463,16580,14011,13544,0.0389,0.0924,Y,N,17006,0.1362
RF01054,NatureNosh,RTD Juice,2026-03-13,11,2026,GROCERY,NORTHEAST,PLNT_LAX,15291,14370,14250,13800,15478,15401,12082,0.0163,0.126,N,N,14835,-0.0256
RF01054,NatureNosh,RTD Juice,2026-03-20,12,2026,CLUB,MIDWEST,PLNT_LAX,15178,16021,16003,16092,16479,14240,17053,0.1338,0.0891,N,N,14040,0.2106
RF01054,NatureNosh,RTD Juice,2026-03-27,13,2026,GROCERY,NORTHEAST,PLNT_LAX,13354,12801,13247,12695,12280,10661,15251,0.1426,0.1693,Y,N,12324,0.0701
RF01054,NatureNosh,RTD Juice,2026-04-03,14,2026,DRUG_STORE,WEST,PLNT_LAX,13820,14279,13670,13179,14105,15079,11950,0.0441,0.1778,Y,N,14938,-0.1604
RF01054,NatureNosh,RTD Juice,2026-04-10,15,2026,GROCERY,MIDWEST,PLNT_LAX,16102,15174,17903,18087,17004,18340,13855,0.0089,0.1449,N,N,13323,0.1788
RF01054,NatureNosh,RTD Juice,2026-04-17,16,2026,GROCERY,WEST,PLNT_LAX,15553,15632,16334,15814,15867,16182,13327,0.1625,0.1393,N,N,15398,0.0167
RF01054,NatureNosh,RTD Juice,2026-04-24,17,2026,MASS_MERCH,NORTHEAST,PLNT_LAX,16553,16293,16205,15496,15430,14507,14305,0.0291,0.0472,N,N,18577,-0.1924
RF01054,NatureNosh,RTD Juice,2026-05-01,18,2026,DRUG_STORE,SOUTHEAST,PLNT_LAX,14448,14671,13391,13290,12706,15288,13465,0.0172,0.114,N,N,16234,-0.0892
RF01054,NatureNosh,RTD Juice,2026-05-08,19,2026,ECOMM,WEST,PLNT_LAX,14444,13786,13757,13614,14017,15760,14749,0.0044,0.0249,N,N,14877,0.1764
RF01055,NatureNosh,RTD Juice,2025-11-14,46,2025,ECOMM,SOUTHEAST,PLNT_ATL,1562,1582,1593,1605,1759,1733,1493,0.0839,0.1409,N,N,1431,0.0685
RF01055,NatureNosh,RTD Juice,2025-11-21,47,2025,ECOMM,MIDWEST,PLNT_ATL,1464,1425,1587,1589,1654,1870,1898,0.1328,0.0702,N,N,1704,-0.0479
RF01055,NatureNosh,RTD Juice,2025-11-28,48,2025,ECOMM,SOUTHEAST,PLNT_ATL,1410,1406,1492,1502,1690,1655,1797,0.1202,0.1517,N,N,1540,0.0612
RF01055,NatureNosh,RTD Juice,2025-12-05,49,2025,CONV_STORE,WEST,PLNT_ATL,1396,1511,1549,1598,1630,1698,1966,-0.0881,0.0963,Y,N,1441,0.0548
RF01055,NatureNosh,RTD Juice,2025-12-12,50,2025,MASS_MERCH,SOUTHWEST,PLNT_ATL,1516,1670,1671,1719,1734,1980,1765,0.2177,0.0634,Y,N,1599,0.1323
RF01055,NatureNosh,RTD Juice,2025-12-19,51,2025,GROCERY,WEST,PLNT_ATL,1657,1757,1842,1770,1670,2114,1788,0.1116,0.0733,N,N,1913,0.0168
RF01055,NatureNosh,RTD Juice,2025-12-26,52,2025,ECOMM,SOUTHEAST,PLNT_ATL,1837,1906,2051,2121,2326,2098,2239,0.0402,0.0967,N,N,1899,0.0894
RF01055,NatureNosh,RTD Juice,2026-01-02,1,2026,ECOMM,WEST,PLNT_ATL,1717,1547,1901,1865,2005,2064,1858,0.1589,0.1194,N,N,1836,-0.1654
RF01055,NatureNosh,RTD Juice,2026-01-09,2,2026,GROCERY,SOUTHEAST,PLNT_ATL,1878,1707,1803,1818,2052,1858,2185,0.0365,0.1712,N,N,1593,0.0302
RF01055,NatureNosh,RTD Juice,2026-01-16,3,2026,GROCERY,WEST,PLNT_ATL,1729,1546,1785,1843,1965,1541,1702,-0.0032,0.1567,N,N,1431,-0.0296
RF01055,NatureNosh,RTD Juice,2026-01-23,4,2026,DRUG_STORE,SOUTHEAST,PLNT_ATL,1668,1782,1708,1687,1885,1433,1882,0.123,0.039,N,N,1495,0.0302
RF01055,NatureNosh,RTD Juice,2026-01-30,5,2026,DRUG_STORE,NORTHEAST,PLNT_ATL,1657,1707,1716,1797,1752,2126,1776,-0.0647,0.122,N,N,1484,0.214
RF01055,NatureNosh,RTD Juice,2026-02-06,6,2026,CONV_STORE,SOUTHEAST,PLNT_ATL,1724,1660,1929,1852,1818,1996,1430,0.0241,0.1676,Y,N,1694,0.1466
RF01055,NatureNosh,RTD Juice,2026-02-13,7,2026,GROCERY,MIDWEST,PLNT_ATL,1880,1844,2051,2026,2264,1888,2079,-0.0592,0.0869,Y,N,1813,0.104
RF01055,NatureNosh,RTD Juice,2026-02-20,8,2026,CLUB,SOUTHEAST,PLNT_ATL,1858,2080,1886,1970,1905,2268,2140,0.0282,0.0855,Y,N,1578,0.2544
RF01055,NatureNosh,RTD Juice,2026-02-27,9,2026,CONV_STORE,SOUTHEAST,PLNT_ATL,1867,1643,1909,1854,1866,1667,1522,0.1151,0.1959,N,N,1695,-0.1503
RF01055,NatureNosh,RTD Juice,2026-03-06,10,2026,GROCERY,WEST,PLNT_ATL,1949,1822,1908,1852,1828,2079,1799,0.1094,0.0445,N,N,2032,0.1467
RF01055,NatureNosh,RTD Juice,2026-03-13,11,2026,CONV_STORE,WEST,PLNT_ATL,2046,2080,1929,1936,1959,2150,2345,-0.019,0.1215,N,N,2317,-0.0715
RF01055,NatureNosh,RTD Juice,2026-03-20,12,2026,CONV_STORE,SOUTHEAST,PLNT_ATL,1739,1719,1932,1859,1646,2208,2188,0.137,0.2885,N,N,1974,-0.0469
RF01055,NatureNosh,RTD Juice,2026-03-27,13,2026,MASS_MERCH,WEST,PLNT_ATL,1890,2010,1717,1683,1701,1714,1320,-0.1049,0.0444,N,N,2239,0.0463
RF01055,NatureNosh,RTD Juice,2026-04-03,14,2026,CONV_STORE,NORTHEAST,PLNT_ATL,1820,1778,1984,1973,1855,1624,1492,0.0775,0.2424,N,N,1919,-0.1087
RF01055,NatureNosh,RTD Juice,2026-04-10,15,2026,MASS_MERCH,NORTHEAST,PLNT_ATL,1777,1796,1775,1748,1958,1478,2096,0.0284,0.1483,Y,Y,1885,-0.0265
RF01055,NatureNosh,RTD Juice,2026-04-17,16,2026,CLUB,SOUTHWEST,PLNT_ATL,1733,1636,1680,1599,1693,1820,1429,0.0332,0.0875,N,N,1968,0.0119
RF01055,NatureNosh,RTD Juice,2026-04-24,17,2026,CLUB,SOUTHEAST,PLNT_ATL,1749,1741,1843,1769,1623,1636,2219,-0.002,0.2156,N,N,1671,0.0742
RF01055,NatureNosh,RTD Juice,2026-05-01,18,2026,DRUG_STORE,MIDWEST,PLNT_ATL,1747,1707,1652,1631,1771,1452,1235,0.206,0.1657,N,N,1467,-0.1205
RF01055,NatureNosh,RTD Juice,2026-05-08,19,2026,GROCERY,SOUTHWEST,PLNT_ATL,1600,1421,1562,1566,1465,1566,1298,-0.0034,0.0455,Y,N,1376,0.1492
RF01056,CrunchBite,RTD Juice,2025-11-14,46,2025,GROCERY,WEST,PLNT_LAX,1481,1442,1630,1666,1622,1625,1729,0.142,0.1735,N,N,1220,0.0613
RF01056,CrunchBite,RTD Juice,2025-11-21,47,2025,DRUG_STORE,SOUTHEAST,PLNT_LAX,1539,1707,1601,1522,1582,1299,1748,0.0214,0.1842,Y,N,1563,0.0684
RF01056,CrunchBite,RTD Juice,2025-11-28,48,2025,DRUG_STORE,SOUTHEAST,PLNT_LAX,1592,1595,1784,1811,1681,1502,2148,0.0358,0.0652,N,N,1778,0.288
RF01056,CrunchBite,RTD Juice,2025-12-05,49,2025,DRUG_STORE,NORTHEAST,PLNT_LAX,1685,1550,1856,1942,1938,1818,1875,0.0197,0.1534,Y,N,1925,0.033
RF01056,CrunchBite,RTD Juice,2025-12-12,50,2025,MASS_MERCH,MIDWEST,PLNT_LAX,1700,1643,1569,1552,1438,1810,1385,0.0021,0.2496,N,N,1371,0.1874
RF01056,CrunchBite,RTD Juice,2025-12-19,51,2025,DRUG_STORE,WEST,PLNT_LAX,1636,1614,1817,1886,1670,2029,1834,0.1505,0.0832,Y,N,1576,-0.0342
RF01056,CrunchBite,RTD Juice,2025-12-26,52,2025,CLUB,SOUTHEAST,PLNT_LAX,1585,1508,1647,1724,1638,1639,1925,-0.0686,0.0719,N,N,1335,-0.0164
RF01056,CrunchBite,RTD Juice,2026-01-02,1,2026,MASS_MERCH,SOUTHWEST,PLNT_LAX,1633,1801,1707,1765,1801,1718,2032,-0.041,0.1019,N,N,1619,0.1999
RF01056,CrunchBite,RTD Juice,2026-01-09,2,2026,DRUG_STORE,SOUTHWEST,PLNT_LAX,1485,1656,1586,1526,1739,1777,1549,0.0919,0.112,Y,N,1448,0.1715
RF01056,CrunchBite,RTD Juice,2026-01-16,3,2026,CONV_STORE,WEST,PLNT_LAX,1527,1701,1416,1349,1483,1173,1324,-0.1629,0.1787,N,N,1791,0.073
RF01056,CrunchBite,RTD Juice,2026-01-23,4,2026,MASS_MERCH,SOUTHEAST,PLNT_LAX,1725,1601,1814,1855,2011,2211,1665,-0.1698,0.1123,N,N,1727,0.1677
RF01056,CrunchBite,RTD Juice,2026-01-30,5,2026,MASS_MERCH,NORTHEAST,PLNT_LAX,1800,1812,1763,1750,1616,2098,1497,0.0902,0.1068,N,N,1698,-0.1408
RF01056,CrunchBite,RTD Juice,2026-02-06,6,2026,ECOMM,WEST,PLNT_LAX,1583,1682,1425,1356,1326,1520,1551,0.1645,0.1859,N,N,1268,0.0351
RF01056,CrunchBite,RTD Juice,2026-02-13,7,2026,DRUG_STORE,NORTHEAST,PLNT_LAX,1497,1521,1380,1345,1191,1590,1614,0.0019,0.045,N,N,1280,0.1732
RF01056,CrunchBite,RTD Juice,2026-02-20,8,2026,ECOMM,SOUTHWEST,PLNT_LAX,1418,1500,1482,1486,1593,1567,1420,0.0265,0.0258,N,N,1673,-0.0106
RF01056,CrunchBite,RTD Juice,2026-02-27,9,2026,MASS_MERCH,NORTHEAST,PLNT_LAX,1869,1890,1906,1859,1660,2175,2198,-0.0365,0.1911,N,N,1583,0.0151
RF01056,CrunchBite,RTD Juice,2026-03-06,10,2026,GROCERY,MIDWEST,PLNT_LAX,1818,2015,1673,1605,1450,1684,1753,0.1068,0.1016,Y,N,2039,-0.0608
RF01056,CrunchBite,RTD Juice,2026-03-13,11,2026,GROCERY,MIDWEST,PLNT_LAX,1642,1695,1808,1837,1713,2038,1648,0.0324,0.0647,N,N,1705,0.1092
RF01056,CrunchBite,RTD Juice,2026-03-20,12,2026,CLUB,NORTHEAST,PLNT_LAX,1562,1477,1563,1553,1405,1598,1384,0.1846,0.1133,Y,N,1818,0.023
RF01056,CrunchBite,RTD Juice,2026-03-27,13,2026,CONV_STORE,NORTHEAST,PLNT_LAX,1564,1428,1494,1486,1365,1721,1225,-0.0226,0.0506,Y,N,1454,0.0127
RF01056,CrunchBite,RTD Juice,2026-04-03,14,2026,CONV_STORE,SOUTHEAST,PLNT_LAX,1616,1776,1711,1658,1869,1499,2118,0.0633,0.1698,Y,N,1791,0.0509
RF01056,CrunchBite,RTD Juice,2026-04-10,15,2026,GROCERY,SOUTHEAST,PLNT_LAX,1671,1603,1733,1765,1914,2100,1647,-0.0111,0.2082,N,N,1357,0.0599
RF01056,CrunchBite,RTD Juice,2026-04-17,16,2026,GROCERY,SOUTHEAST,PLNT_LAX,1446,1291,1455,1385,1421,1410,1375,0.0309,0.2145,N,N,1725,0.0756
RF01056,CrunchBite,RTD Juice,2026-04-24,17,2026,MASS_MERCH,NORTHEAST,PLNT_LAX,1609,1773,1619,1594,1674,1467,1645,0.1134,0.0704,N,N,1431,0.14
RF01056,CrunchBite,RTD Juice,2026-05-01,18,2026,CLUB,NORTHEAST,PLNT_LAX,1547,1700,1683,1651,1869,1545,1393,-0.1347,0.1598,N,N,1423,0.1417
RF01056,CrunchBite,RTD Juice,2026-05-08,19,2026,DRUG_STORE,SOUTHEAST,PLNT_LAX,1438,1480,1413,1343,1518,1259,1608,0.0039,0.1167,N,N,1725,0.1511
RF01057,RefreshCo,RTD Juice,2025-11-14,46,2025,MASS_MERCH,SOUTHWEST,PLNT_ATL,12191,12920,11356,11309,11284,9289,10831,-0.0294,0.0249,N,N,13571,0.1473
RF01057,RefreshCo,RTD Juice,2025-11-21,47,2025,DRUG_STORE,SOUTHWEST,PLNT_ATL,12583,11906,11565,12058,13283,11912,14515,-0.0261,0.1097,N,N,13400,0.2065
RF01057,RefreshCo,RTD Juice,2025-11-28,48,2025,GROCERY,WEST,PLNT_ATL,10327,9983,9388,9833,9428,10176,12551,-0.0339,0.1507,N,N,9126,0.0297
RF01057,RefreshCo,RTD Juice,2025-12-05,49,2025,GROCERY,SOUTHEAST,PLNT_ATL,12591,13735,13704,13769,12427,15427,13485,0.0626,0.1183,N,N,12967,0.2364
RF01057,RefreshCo,RTD Juice,2025-12-12,50,2025,GROCERY,NORTHEAST,PLNT_ATL,12514,12994,12127,11863,10751,12929,11997,0.2069,0.1454,N,N,10023,0.1829
RF01057,RefreshCo,RTD Juice,2025-12-19,51,2025,ECOMM,WEST,PLNT_ATL,11411,10658,12201,12553,13678,13747,12929,-0.0309,0.1016,N,N,10978,0.2526
RF01057,RefreshCo,RTD Juice,2025-12-26,52,2025,MASS_MERCH,NORTHEAST,PLNT_ATL,11891,12880,13129,13776,12699,15893,12602,0.0085,0.0931,N,N,13618,-0.0408
RF01057,RefreshCo,RTD Juice,2026-01-02,1,2026,GROCERY,SOUTHEAST,PLNT_ATL,12459,11893,13530,13567,13690,11642,15424,0.0749,0.1611,N,N,10278,-0.0451
RF01057,RefreshCo,RTD Juice,2026-01-09,2,2026,GROCERY,NORTHEAST,PLNT_ATL,11854,11702,13122,13283,11998,12285,16568,-0.0158,0.1536,N,N,9990,0.3005
RF01057,RefreshCo,RTD Juice,2026-01-16,3,2026,DRUG_STORE,NORTHEAST,PLNT_ATL,11562,11810,11754,11932,12922,10260,12935,-0.1034,0.0153,N,N,12411,0.2179
RF01057,RefreshCo,RTD Juice,2026-01-23,4,2026,CLUB,MIDWEST,PLNT_ATL,11126,9926,11424,10965,12059,11641,12997,-0.0694,0.0929,Y,N,9817,0.1406
RF01057,RefreshCo,RTD Juice,2026-01-30,5,2026,MASS_MERCH,WEST,PLNT_ATL,11595,11678,12482,11886,12092,13663,11709,0.0418,0.1177,N,N,9536,-0.0955
RF01057,RefreshCo,RTD Juice,2026-02-06,6,2026,ECOMM,NORTHEAST,PLNT_ATL,12156,11909,12237,12301,13316,12283,14668,0.0586,0.1477,N,N,12806,0.0988
RF01057,RefreshCo,RTD Juice,2026-02-13,7,2026,MASS_MERCH,NORTHEAST,PLNT_ATL,11431,12185,11818,11800,11756,11555,14249,0.0809,0.1257,N,N,12225,0.0316
RF01057,RefreshCo,RTD Juice,2026-02-20,8,2026,GROCERY,SOUTHEAST,PLNT_ATL,11895,11472,13284,13284,13939,14270,12027,-0.0547,0.1297,N,N,10288,-0.0217
RF01057,RefreshCo,RTD Juice,2026-02-27,9,2026,DRUG_STORE,WEST,PLNT_ATL,12335,10967,14164,14309,13903,14212,13753,-0.0511,0.0614,N,N,10195,0.0607
RF01057,RefreshCo,RTD Juice,2026-03-06,10,2026,CLUB,SOUTHEAST,PLNT_ATL,11636,11854,13330,13905,12559,11692,11279,-0.0074,0.078,Y,N,11544,0.0959
RF01057,RefreshCo,RTD Juice,2026-03-13,11,2026,ECOMM,MIDWEST,PLNT_ATL,12328,10985,13995,14433,16051,12693,17315,0.0232,0.093,N,N,12712,-0.1368
RF01057,RefreshCo,RTD Juice,2026-03-20,12,2026,GROCERY,SOUTHWEST,PLNT_ATL,11348,11357,10838,10307,10679,11622,12177,0.1727,0.1025,Y,N,9401,0.1191
RF01057,RefreshCo,RTD Juice,2026-03-27,13,2026,CONV_STORE,SOUTHWEST,PLNT_ATL,10860,11661,11267,11140,11868,10172,12297,0.0313,0.2299,Y,N,9094,-0.0539
RF01057,RefreshCo,RTD Juice,2026-04-03,14,2026,CONV_STORE,SOUTHEAST,PLNT_ATL,10788,11773,10453,10451,10529,11827,11079,0.1517,0.015,N,N,10084,0.1787
RF01057,RefreshCo,RTD Juice,2026-04-10,15,2026,DRUG_STORE,SOUTHWEST,PLNT_ATL,11223,10175,11632,11139,10756,9550,9736,-0.1573,0.0664,N,N,10143,0.1511
RF01057,RefreshCo,RTD Juice,2026-04-17,16,2026,MASS_MERCH,SOUTHEAST,PLNT_ATL,9826,8754,10492,10595,11346,8763,9606,0.1526,0.0932,N,N,8962,0.235
RF01057,RefreshCo,RTD Juice,2026-04-24,17,2026,DRUG_STORE,SOUTHEAST,PLNT_ATL,11066,9835,10138,9734,8720,9831,7932,-0.069,0.0849,N,N,11691,0.1024
RF01057,RefreshCo,RTD Juice,2026-05-01,18,2026,MASS_MERCH,WEST,PLNT_ATL,10902,9753,10078,9894,8747,8811,9739,0.1373,0.1698,N,N,10723,-0.1672
RF01057,RefreshCo,RTD Juice,2026-05-08,19,2026,DRUG_STORE,WEST,PLNT_ATL,10677,10837,10496,10779,10614,9442,10660,0.0432,0.013,N,N,10372,-0.037
RF01058,CrunchBite,RTD Juice,2025-11-14,46,2025,CLUB,SOUTHEAST,PLNT_DAL,3347,3111,3412,3264,3672,2934,3396,-0.0438,0.1799,N,N,2845,-0.0251
RF01058,CrunchBite,RTD Juice,2025-11-21,47,2025,CLUB,NORTHEAST,PLNT_DAL,3722,3725,3791,3621,3937,3680,4512,-0.0329,0.2002,Y,N,3475,0.0336
RF01058,CrunchBite,RTD Juice,2025-11-28,48,2025,ECOMM,SOUTHEAST,PLNT_DAL,3435,3027,3768,3838,3850,3989,4388,0.0626,0.1715,N,N,3101,0.0115
RF01058,CrunchBite,RTD Juice,2025-12-05,49,2025,CLUB,SOUTHWEST,PLNT_DAL,3749,3889,3675,3656,3692,4223,3710,0.0229,0.0956,N,N,4055,0.118
RF01058,CrunchBite,RTD Juice,2025-12-12,50,2025,MASS_MERCH,SOUTHWEST,PLNT_DAL,4073,4099,3815,3693,3969,3211,4195,0.0461,0.1598,Y,N,4043,0.2101
RF01058,CrunchBite,RTD Juice,2025-12-19,51,2025,DRUG_STORE,WEST,PLNT_DAL,3726,3694,3698,3841,3500,3867,3741,0.0396,0.1669,N,N,3150,0.0753
RF01058,CrunchBite,RTD Juice,2025-12-26,52,2025,GROCERY,SOUTHWEST,PLNT_DAL,3639,3706,3486,3442,3883,2832,3647,0.1208,0.1334,N,N,4359,-0.0324
RF01058,CrunchBite,RTD Juice,2026-01-02,1,2026,MASS_MERCH,SOUTHWEST,PLNT_DAL,4123,3642,4738,4923,4676,5587,3850,0.0057,0.0043,N,N,4550,-0.0294
RF01058,CrunchBite,RTD Juice,2026-01-09,2,2026,GROCERY,MIDWEST,PLNT_DAL,4095,3682,4631,4605,4872,5423,4164,-0.0485,0.1322,N,N,4777,0.1127
RF01058,CrunchBite,RTD Juice,2026-01-16,3,2026,CONV_STORE,SOUTHWEST,PLNT_DAL,3593,3259,3959,3824,3795,3486,3993,0.0598,0.0263,Y,N,4210,-0.035
RF01058,CrunchBite,RTD Juice,2026-01-23,4,2026,ECOMM,MIDWEST,PLNT_DAL,3710,3576,4014,4141,3761,4345,4725,0.0665,0.1305,Y,N,3235,0.172
RF01058,CrunchBite,RTD Juice,2026-01-30,5,2026,CLUB,NORTHEAST,PLNT_DAL,3808,3874,4209,4092,3918,4556,4841,-0.0162,0.2252,N,N,4030,0.1226
RF01058,CrunchBite,RTD Juice,2026-02-06,6,2026,MASS_MERCH,WEST,PLNT_DAL,3826,3519,4059,4000,4028,4227,4328,-0.0586,0.0738,Y,N,3726,0.134
RF01058,CrunchBite,RTD Juice,2026-02-13,7,2026,GROCERY,SOUTHEAST,PLNT_DAL,3792,3787,3757,3724,3320,3068,4203,-0.0563,0.2412,N,N,3285,0.2239
RF01058,CrunchBite,RTD Juice,2026-02-20,8,2026,MASS_MERCH,WEST,PLNT_DAL,3739,3987,4247,4409,3917,4049,4644,-0.1516,0.1618,N,N,3278,0.0585
RF01058,CrunchBite,RTD Juice,2026-02-27,9,2026,CONV_STORE,MIDWEST,PLNT_DAL,3647,3356,3608,3442,3336,4095,2788,0.0288,0.1522,N,N,3964,-0.0169
RF01058,CrunchBite,RTD Juice,2026-03-06,10,2026,ECOMM,MIDWEST,PLNT_DAL,3745,3659,3842,3862,4096,3472,3292,-0.0144,0.1263,Y,N,3586,-0.0375
RF01058,CrunchBite,RTD Juice,2026-03-13,11,2026,CLUB,WEST,PLNT_DAL,3699,3261,3826,3767,4294,3418,3077,0.0922,0.1665,N,N,3817,0.0198
RF01058,CrunchBite,RTD Juice,2026-03-20,12,2026,ECOMM,WEST,PLNT_DAL,3317,3395,3244,3365,3078,2831,2778,0.0447,0.1795,Y,N,3433,0.015
RF01058,CrunchBite,RTD Juice,2026-03-27,13,2026,CONV_STORE,NORTHEAST,PLNT_DAL,3457,3054,3268,3357,3448,3902,3126,0.049,0.1471,Y,N,2870,0.0352
RF01058,CrunchBite,RTD Juice,2026-04-03,14,2026,CONV_STORE,SOUTHWEST,PLNT_DAL,3455,3232,3455,3608,3473,3874,3678,0.1109,0.1597,Y,N,3733,-0.0051
RF01058,CrunchBite,RTD Juice,2026-04-10,15,2026,ECOMM,WEST,PLNT_DAL,3559,3515,3885,3701,3409,4078,3821,-0.0336,0.1058,N,N,3851,0.2828
RF01058,CrunchBite,RTD Juice,2026-04-17,16,2026,CONV_STORE,SOUTHEAST,PLNT_DAL,3645,3959,3603,3537,3774,3087,3743,0.0671,0.1549,N,N,3559,0.0942
RF01058,CrunchBite,RTD Juice,2026-04-24,17,2026,CONV_STORE,MIDWEST,PLNT_DAL,3473,3172,3530,3697,4079,3246,2955,-0.0242,0.0296,N,N,3224,-0.0128
RF01058,CrunchBite,RTD Juice,2026-05-01,18,2026,CONV_STORE,WEST,PLNT_DAL,3566,3643,3865,4046,4068,3381,4091,-0.0389,0.0621,N,N,3933,0.1458
RF01058,CrunchBite,RTD Juice,2026-05-08,19,2026,GROCERY,SOUTHEAST,PLNT_DAL,2510,2467,2318,2404,2328,2625,2650,-0.1041,0.1666,N,N,2513,0.0161
RF01059,ZingEnergy,RTD Juice,2025-11-14,46,2025,DRUG_STORE,SOUTHWEST,PLNT_ATL,6701,6767,7660,7522,6883,8421,5713,-0.0086,0.0596,Y,N,5811,0.034
RF01059,ZingEnergy,RTD Juice,2025-11-21,47,2025,GROCERY,WEST,PLNT_ATL,7741,8261,8660,8865,8704,9140,7459,0.0726,0.1254,Y,N,8451,0.0285
RF01059,ZingEnergy,RTD Juice,2025-11-28,48,2025,MASS_MERCH,WEST,PLNT_ATL,7655,7045,8579,8407,8296,8775,7427,-0.0774,0.1241,N,N,6621,0.0574
RF01059,ZingEnergy,RTD Juice,2025-12-05,49,2025,GROCERY,WEST,PLNT_ATL,8427,8568,7952,7563,8036,7401,6354,0.0039,0.1141,N,Y,9837,0.0079
RF01059,ZingEnergy,RTD Juice,2025-12-12,50,2025,MASS_MERCH,NORTHEAST,PLNT_ATL,9180,8194,9594,9527,9565,8844,7343,-0.0743,0.103,Y,N,9455,-0.1222
RF01059,ZingEnergy,RTD Juice,2025-12-19,51,2025,DRUG_STORE,NORTHEAST,PLNT_ATL,8593,8672,8115,7839,7075,8191,7467,0.1557,0.1386,N,N,7367,0.0414
RF01059,ZingEnergy,RTD Juice,2025-12-26,52,2025,CLUB,SOUTHWEST,PLNT_ATL,8582,8375,8582,8945,9804,7521,11334,0.022,0.161,Y,N,10090,-0.047
RF01059,ZingEnergy,RTD Juice,2026-01-02,1,2026,GROCERY,SOUTHWEST,PLNT_ATL,9578,8953,9035,8828,9664,9449,10632,0.0268,0.1011,N,N,9234,-0.0321
RF01059,ZingEnergy,RTD Juice,2026-01-09,2,2026,DRUG_STORE,MIDWEST,PLNT_ATL,10278,10567,9977,9571,8763,8575,7681,0.0347,0.045,N,N,9030,0.2493
RF01059,ZingEnergy,RTD Juice,2026-01-16,3,2026,DRUG_STORE,NORTHEAST,PLNT_ATL,9416,10308,9706,9683,9583,10488,11316,0.1012,0.09,N,N,10847,-0.0061
RF01059,ZingEnergy,RTD Juice,2026-01-23,4,2026,GROCERY,NORTHEAST,PLNT_ATL,9492,10308,8780,8824,9682,8893,9496,-0.0645,0.139,Y,N,8683,0.1339
RF01059,ZingEnergy,RTD Juice,2026-01-30,5,2026,MASS_MERCH,MIDWEST,PLNT_ATL,9465,10081,8702,8698,8435,9713,10193,0.0873,0.0605,N,N,11348,0.0393
RF01059,ZingEnergy,RTD Juice,2026-02-06,6,2026,MASS_MERCH,SOUTHWEST,PLNT_ATL,10017,10672,9941,9668,9914,8080,10777,0.1605,0.1536,N,N,10629,0.1679
RF01059,ZingEnergy,RTD Juice,2026-02-13,7,2026,CONV_STORE,SOUTHWEST,PLNT_ATL,9581,9210,9822,9662,10366,8906,7714,0.0192,0.1134,N,N,10865,-0.0467
RF01059,ZingEnergy,RTD Juice,2026-02-20,8,2026,GROCERY,MIDWEST,PLNT_ATL,10509,10450,9662,9828,9897,10477,9509,0.0483,0.1553,N,N,9508,0.0873
RF01059,ZingEnergy,RTD Juice,2026-02-27,9,2026,CLUB,MIDWEST,PLNT_ATL,9677,10205,8908,9132,10121,8378,8853,0.0452,0.0314,N,N,9883,0.0769
RF01059,ZingEnergy,RTD Juice,2026-03-06,10,2026,GROCERY,WEST,PLNT_ATL,10163,9107,10821,11234,10974,11421,12051,-0.1727,0.1406,N,N,8809,0.0488
RF01059,ZingEnergy,RTD Juice,2026-03-13,11,2026,CLUB,WEST,PLNT_ATL,9714,9753,9554,9742,9548,9062,8525,0.01,0.0144,Y,N,8656,0.1705
RF01059,ZingEnergy,RTD Juice,2026-03-20,12,2026,DRUG_STORE,SOUTHWEST,PLNT_ATL,9668,9493,9931,9644,10103,10348,7346,0.0831,0.0431,N,N,11342,0.1452
RF01059,ZingEnergy,RTD Juice,2026-03-27,13,2026,CLUB,MIDWEST,PLNT_ATL,9781,9570,10899,11347,12275,11953,13147,0.0665,0.0373,N,N,10797,0.0913
RF01059,ZingEnergy,RTD Juice,2026-04-03,14,2026,DRUG_STORE,SOUTHEAST,PLNT_ATL,9172,8174,9334,9058,8688,10226,10136,-0.1101,0.0781,N,N,8804,-0.1867
RF01059,ZingEnergy,RTD Juice,2026-04-10,15,2026,CLUB,MIDWEST,PLNT_ATL,9535,10666,9350,8902,9155,7769,7232,-0.0495,0.075,N,N,10298,0.0659
RF01059,ZingEnergy,RTD Juice,2026-04-17,16,2026,MASS_MERCH,SOUTHEAST,PLNT_ATL,10444,10902,10555,10456,11481,11603,10070,0.095,0.1922,N,N,10337,0.2769
RF01059,ZingEnergy,RTD Juice,2026-04-24,17,2026,GROCERY,WEST,PLNT_ATL,10092,9310,11194,11573,12640,13581,11688,-0.0166,0.0622,N,N,8897,-0.0074
RF01059,ZingEnergy,RTD Juice,2026-05-01,18,2026,DRUG_STORE,MIDWEST,PLNT_ATL,9555,9457,10783,10250,10647,9073,10878,-0.0642,0.1423,N,N,11288,0.1082
RF01059,ZingEnergy,RTD Juice,2026-05-08,19,2026,CLUB,WEST,PLNT_ATL,9382,9775,9000,8844,9374,7631,8314,0.1853,0.0323,N,N,9752,-0.0931
RF01060,ZingEnergy,RTD Juice,2025-11-14,46,2025,MASS_MERCH,MIDWEST,PLNT_LAX,2182,1921,2104,2126,1999,2480,2431,-0.058,0.1016,N,N,2428,0.2476
RF01060,ZingEnergy,RTD Juice,2025-11-21,47,2025,DRUG_STORE,WEST,PLNT_LAX,2066,1855,2233,2146,2368,1764,2330,-0.1195,0.1657,Y,N,2382,0.0127
RF01060,ZingEnergy,RTD Juice,2025-11-28,48,2025,CLUB,MIDWEST,PLNT_LAX,1916,2034,2165,2079,2306,2163,2355,-0.0077,0.1934,N,N,1685,0.2219
RF01060,ZingEnergy,RTD Juice,2025-12-05,49,2025,DRUG_STORE,MIDWEST,PLNT_LAX,2207,2194,2503,2622,2336,3026,2249,0.0278,0.0455,N,N,2613,0.0276
RF01060,ZingEnergy,RTD Juice,2025-12-12,50,2025,ECOMM,SOUTHEAST,PLNT_LAX,2372,2172,2233,2332,2447,2594,2778,0.0389,0.1493,N,N,1915,-0.0492
RF01060,ZingEnergy,RTD Juice,2025-12-19,51,2025,CLUB,SOUTHWEST,PLNT_LAX,2440,2486,2402,2417,2523,2063,2349,0.0961,0.2611,N,N,2815,0.0439
RF01060,ZingEnergy,RTD Juice,2025-12-26,52,2025,ECOMM,NORTHEAST,PLNT_LAX,2321,2488,2324,2238,2278,2550,1963,0.0456,0.135,N,N,2713,0.0681
RF01060,ZingEnergy,RTD Juice,2026-01-02,1,2026,ECOMM,SOUTHWEST,PLNT_LAX,2519,2376,2436,2393,2497,2129,2115,0.1819,0.2106,N,N,2097,0.0381
RF01060,ZingEnergy,RTD Juice,2026-01-09,2,2026,MASS_MERCH,MIDWEST,PLNT_LAX,2689,2889,3045,2936,2747,3073,3113,0.0291,0.1524,Y,N,2160,0.0138
RF01060,ZingEnergy,RTD Juice,2026-01-16,3,2026,GROCERY,SOUTHEAST,PLNT_LAX,2367,2339,2617,2728,2833,2909,2694,0.0001,0.1879,Y,N,2693,0.1881
RF01060,ZingEnergy,RTD Juice,2026-01-23,4,2026,CONV_STORE,WEST,PLNT_LAX,2602,2509,2486,2551,2744,2770,3015,-0.0233,0.1458,N,Y,2334,-0.162
RF01060,ZingEnergy,RTD Juice,2026-01-30,5,2026,GROCERY,MIDWEST,PLNT_LAX,2342,2533,2634,2646,2929,2742,3384,0.0931,0.1204,N,N,2016,0.1552
RF01060,ZingEnergy,RTD Juice,2026-02-06,6,2026,ECOMM,WEST,PLNT_LAX,2572,2527,2559,2637,2985,2570,2795,0.0595,0.1744,N,N,2995,0.155
RF01060,ZingEnergy,RTD Juice,2026-02-13,7,2026,ECOMM,WEST,PLNT_LAX,2805,2559,2559,2496,2447,2203,2415,-0.0928,0.1135,N,N,2753,0.0277
RF01060,ZingEnergy,RTD Juice,2026-02-20,8,2026,ECOMM,WEST,PLNT_LAX,2750,2536,3088,3050,3205,2679,3766,-0.0242,0.0024,N,N,3026,-0.1382
RF01060,ZingEnergy,RTD Juice,2026-02-27,9,2026,DRUG_STORE,WEST,PLNT_LAX,2552,2490,2625,2680,2488,3130,2626,-0.1394,0.1057,N,Y,3008,0.1258
RF01060,ZingEnergy,RTD Juice,2026-03-06,10,2026,ECOMM,SOUTHEAST,PLNT_LAX,2692,2894,2487,2412,2734,2527,2006,-0.139,0.1259,Y,N,2473,0.052
RF01060,ZingEnergy,RTD Juice,2026-03-13,11,2026,CLUB,NORTHEAST,PLNT_LAX,2456,2436,2455,2538,2864,2375,2780,-0.0759,0.1223,N,N,2034,0.0711
RF01060,ZingEnergy,RTD Juice,2026-03-20,12,2026,CLUB,WEST,PLNT_LAX,2566,2576,2678,2630,2635,2189,2826,0.0339,0.071,N,N,2814,0.0826
RF01060,ZingEnergy,RTD Juice,2026-03-27,13,2026,CLUB,SOUTHEAST,PLNT_LAX,2451,2331,2212,2238,2001,1990,2078,-0.0873,0.1287,N,N,2557,0.195
RF01060,ZingEnergy,RTD Juice,2026-04-03,14,2026,ECOMM,WEST,PLNT_LAX,2615,2465,2945,2915,3263,3474,2238,-0.0861,0.1775,N,N,2181,0.0311
RF01060,ZingEnergy,RTD Juice,2026-04-10,15,2026,GROCERY,WEST,PLNT_LAX,2474,2732,2504,2481,2461,2348,2492,-0.0305,0.1242,N,N,2266,-0.1341
RF01060,ZingEnergy,RTD Juice,2026-04-17,16,2026,CLUB,SOUTHEAST,PLNT_LAX,2587,2770,2527,2465,2372,2924,2706,-0.0366,0.0372,N,N,2123,0.0586
RF01060,ZingEnergy,RTD Juice,2026-04-24,17,2026,GROCERY,SOUTHEAST,PLNT_LAX,2396,2205,2453,2568,2539,2845,2962,0.0233,0.1278,N,N,2630,0.0729
RF01060,ZingEnergy,RTD Juice,2026-05-01,18,2026,DRUG_STORE,NORTHEAST,PLNT_LAX,2265,2314,2330,2258,2098,2479,2663,-0.0444,0.1509,N,N,2363,-0.043
RF01060,ZingEnergy,RTD Juice,2026-05-08,19,2026,MASS_MERCH,SOUTHEAST,PLNT_LAX,2476,2194,2692,2701,2598,2282,3412,-0.0717,0.2342,N,N,2730,0.0474
RF01061,RefreshCo,RTD Juice,2025-11-14,46,2025,GROCERY,SOUTHWEST,PLNT_CHI,1966,2054,2188,2291,2430,2715,1920,-0.1405,0.0662,N,N,2336,0.0136
RF01061,RefreshCo,RTD Juice,2025-11-21,47,2025,CONV_STORE,WEST,PLNT_CHI,2598,2634,2568,2439,2616,2675,2873,0.0538,0.0709,N,N,2721,0.2456
RF01061,RefreshCo,RTD Juice,2025-11-28,48,2025,DRUG_STORE,SOUTHWEST,PLNT_CHI,2314,2406,2615,2496,2198,2317,2649,-0.0329,0.2041,N,N,2139,-0.0951
RF01061,RefreshCo,RTD Juice,2025-12-05,49,2025,CLUB,WEST,PLNT_CHI,1986,2221,1910,1990,1828,1693,2061,-0.0369,0.0864,N,N,2335,-0.1051
RF01061,RefreshCo,RTD Juice,2025-12-12,50,2025,CLUB,MIDWEST,PLNT_CHI,2467,2391,2726,2740,2858,2968,2085,-0.0387,0.0496,Y,N,2573,0.0909
RF01061,RefreshCo,RTD Juice,2025-12-19,51,2025,MASS_MERCH,SOUTHEAST,PLNT_CHI,2312,2246,2480,2531,2702,2404,2458,0.201,0.163,N,N,2093,0.3051
RF01061,RefreshCo,RTD Juice,2025-12-26,52,2025,DRUG_STORE,NORTHEAST,PLNT_CHI,2923,3203,3187,3295,3332,3910,3446,0.0426,0.1377,Y,N,3175,0.0383
RF01061,RefreshCo,RTD Juice,2026-01-02,1,2026,CONV_STORE,SOUTHEAST,PLNT_CHI,2453,2477,2651,2702,2433,2420,3252,-0.0447,0.1565,Y,N,2232,0.1344
RF01061,RefreshCo,RTD Juice,2026-01-09,2,2026,GROCERY,NORTHEAST,PLNT_CHI,2648,2433,2647,2564,2652,2495,2324,0.0411,0.0326,N,N,2450,0.091
RF01061,RefreshCo,RTD Juice,2026-01-16,3,2026,CLUB,MIDWEST,PLNT_CHI,2571,2266,2620,2560,2449,2805,3220,-0.0333,0.1893,N,N,3001,0.0916
RF01061,RefreshCo,RTD Juice,2026-01-23,4,2026,ECOMM,WEST,PLNT_CHI,2802,2970,2724,2790,2701,2546,2495,0.0001,0.1694,N,N,3219,-0.057
RF01061,RefreshCo,RTD Juice,2026-01-30,5,2026,MASS_MERCH,NORTHEAST,PLNT_CHI,2844,3020,2826,2685,2459,2593,3066,0.0843,0.11,N,N,2785,0.1
RF01061,RefreshCo,RTD Juice,2026-02-06,6,2026,DRUG_STORE,SOUTHEAST,PLNT_CHI,2845,2777,2795,2882,2567,2796,2824,0.0975,0.138,N,N,2375,0.0419
RF01061,RefreshCo,RTD Juice,2026-02-13,7,2026,MASS_MERCH,WEST,PLNT_CHI,2753,2427,2852,2743,2445,2372,2296,-0.0267,0.1351,Y,N,2228,-0.043
RF01061,RefreshCo,RTD Juice,2026-02-20,8,2026,ECOMM,SOUTHWEST,PLNT_CHI,2848,2642,3234,3317,3519,3182,3995,0.0668,0.0201,N,Y,2988,-0.061
RF01061,RefreshCo,RTD Juice,2026-02-27,9,2026,DRUG_STORE,MIDWEST,PLNT_CHI,2824,3070,2868,2987,3142,2741,2672,0.0151,0.019,Y,N,2888,-0.1756
RF01061,RefreshCo,RTD Juice,2026-03-06,10,2026,ECOMM,NORTHEAST,PLNT_CHI,2687,2961,2569,2463,2571,2132,2562,-0.0554,0.0551,N,N,3051,0.1483
RF01061,RefreshCo,RTD Juice,2026-03-13,11,2026,CLUB,MIDWEST,PLNT_CHI,2854,3183,2680,2590,2379,2609,2622,0.0901,0.0957,Y,N,2749,0.1527
RF01061,RefreshCo,RTD Juice,2026-03-20,12,2026,CONV_STORE,SOUTHWEST,PLNT_CHI,2996,2859,3013,2997,3310,2633,2917,-0.1222,0.1295,Y,N,2472,0.0298
RF01061,RefreshCo,RTD Juice,2026-03-27,13,2026,DRUG_STORE,SOUTHEAST,PLNT_CHI,2842,2756,2699,2565,2710,2722,2046,0.0195,0.0934,N,N,2773,0.041
RF01061,RefreshCo,RTD Juice,2026-04-03,14,2026,CONV_STORE,MIDWEST,PLNT_CHI,2947,2774,2707,2638,2624,2429,2970,0.0359,0.2155,N,N,3314,0.0019
RF01061,RefreshCo,RTD Juice,2026-04-10,15,2026,GROCERY,WEST,PLNT_CHI,2698,2676,2464,2518,2827,2141,2746,-0.2026,0.0424,N,N,3169,0.0157
RF01061,RefreshCo,RTD Juice,2026-04-17,16,2026,ECOMM,SOUTHEAST,PLNT_CHI,2934,2733,2882,2993,2785,2820,3208,-0.0466,0.1122,N,N,2355,0.2181
RF01061,RefreshCo,RTD Juice,2026-04-24,17,2026,DRUG_STORE,SOUTHWEST,PLNT_CHI,2804,2592,2693,2759,3002,2355,2457,-0.0034,0.1869,Y,N,2271,-0.1312
RF01061,RefreshCo,RTD Juice,2026-05-01,18,2026,CLUB,WEST,PLNT_CHI,2686,2503,2988,2881,3058,2595,3203,0.0915,0.1728,N,N,2348,0.4552
RF01061,RefreshCo,RTD Juice,2026-05-08,19,2026,DRUG_STORE,SOUTHWEST,PLNT_CHI,2701,2532,2541,2514,2615,2628,2134,0.0041,0.1545,Y,N,2333,0.1571
RF01062,ZingEnergy,RTD Juice,2025-11-14,46,2025,CONV_STORE,NORTHEAST,PLNT_ATL,10861,10178,10270,10347,9280,10909,9010,-0.0002,0.1416,N,N,9978,-0.098
RF01062,ZingEnergy,RTD Juice,2025-11-21,47,2025,CLUB,SOUTHWEST,PLNT_ATL,10721,10786,12032,11441,11053,10777,9090,-0.072,0.1705,Y,N,12499,-0.1134
RF01062,ZingEnergy,RTD Juice,2025-11-28,48,2025,MASS_MERCH,NORTHEAST,PLNT_ATL,10796,11287,11396,11056,9813,12076,10596,0.0503,0.1103,N,N,11911,0.1281
RF01062,ZingEnergy,RTD Juice,2025-12-05,49,2025,DRUG_STORE,SOUTHEAST,PLNT_ATL,13071,11974,12183,12121,11308,10286,14787,0.0143,0.0322,N,N,12018,0.0281
RF01062,ZingEnergy,RTD Juice,2025-12-12,50,2025,MASS_MERCH,SOUTHWEST,PLNT_ATL,10392,10249,9891,9754,10606,9240,8934,0.045,0.0438,Y,N,11339,-0.1103
RF01062,ZingEnergy,RTD Juice,2025-12-19,51,2025,DRUG_STORE,MIDWEST,PLNT_ATL,13231,13891,14315,13788,12199,14701,13514,0.0412,0.1313,Y,N,11313,-0.0725
RF01062,ZingEnergy,RTD Juice,2025-12-26,52,2025,GROCERY,SOUTHEAST,PLNT_ATL,12600,13888,13955,13276,14121,11849,13533,0.0177,0.2046,N,N,14530,0.0209
RF01062,ZingEnergy,RTD Juice,2026-01-02,1,2026,CONV_STORE,WEST,PLNT_ATL,13416,14153,13022,12954,13035,13507,10432,-0.1654,0.2706,N,N,13332,-0.1127
RF01062,ZingEnergy,RTD Juice,2026-01-09,2,2026,CONV_STORE,WEST,PLNT_ATL,12275,11620,14107,14515,16222,14693,11150,-0.025,0.1122,N,Y,11205,-0.211
RF01062,ZingEnergy,RTD Juice,2026-01-16,3,2026,CONV_STORE,SOUTHEAST,PLNT_ATL,13011,11895,13066,13552,12375,14950,17169,-0.0925,0.1173,Y,N,13261,0.1574
RF01062,ZingEnergy,RTD Juice,2026-01-23,4,2026,GROCERY,MIDWEST,PLNT_ATL,13092,14052,12027,12468,12968,12888,11593,-0.138,0.1199,Y,N,12761,0.0509
RF01062,ZingEnergy,RTD Juice,2026-01-30,5,2026,ECOMM,MIDWEST,PLNT_ATL,13179,12114,14858,15328,17231,14317,18212,-0.1503,0.1522,N,N,13200,0.0093
RF01062,ZingEnergy,RTD Juice,2026-02-06,6,2026,MASS_MERCH,SOUTHEAST,PLNT_ATL,12394,13210,12785,13307,13267,14162,14556,0.0281,0.2021,N,N,11838,0.1024
RF01062,ZingEnergy,RTD Juice,2026-02-13,7,2026,ECOMM,MIDWEST,PLNT_ATL,15135,16905,14377,14698,14465,14663,18654,0.0578,0.0104,N,N,16666,-0.1482
RF01062,ZingEnergy,RTD Juice,2026-02-20,8,2026,DRUG_STORE,SOUTHEAST,PLNT_ATL,13752,13566,13302,13667,15166,14019,17284,0.0955,0.1934,N,N,15424,-0.1462
RF01062,ZingEnergy,RTD Juice,2026-02-27,9,2026,DRUG_STORE,SOUTHEAST,PLNT_ATL,15112,15380,14132,13543,11943,13260,12714,0.0514,0.0926,N,N,14087,0.1591
RF01062,ZingEnergy,RTD Juice,2026-03-06,10,2026,DRUG_STORE,MIDWEST,PLNT_ATL,13793,13457,13543,13893,12586,16492,12295,-0.0639,0.1142,Y,N,12896,0.0454
RF01062,ZingEnergy,RTD Juice,2026-03-13,11,2026,CONV_STORE,NORTHEAST,PLNT_ATL,14483,14590,13515,13762,13594,13130,12692,-0.0606,0.1918,N,N,16046,0.2483
RF01062,ZingEnergy,RTD Juice,2026-03-20,12,2026,MASS_MERCH,SOUTHEAST,PLNT_ATL,13581,12916,12710,13152,13383,15343,16821,-0.0279,0.2231,N,N,15576,0.0621
RF01062,ZingEnergy,RTD Juice,2026-03-27,13,2026,ECOMM,MIDWEST,PLNT_ATL,14203,15765,14232,13585,14815,12522,16786,-0.0671,0.0584,Y,N,13253,0.0302
RF01062,ZingEnergy,RTD Juice,2026-04-03,14,2026,CONV_STORE,NORTHEAST,PLNT_ATL,15282,15409,13869,14019,13111,15054,10604,0.053,0.1308,N,N,15189,-0.1297
RF01062,ZingEnergy,RTD Juice,2026-04-10,15,2026,CONV_STORE,SOUTHEAST,PLNT_ATL,15026,15299,15352,15875,16261,13678,14956,-0.103,0.0633,N,N,14809,-0.0531
RF01062,ZingEnergy,RTD Juice,2026-04-17,16,2026,GROCERY,WEST,PLNT_ATL,13369,14176,13676,14343,13822,15250,18004,0.1289,0.0391,N,N,14053,-0.0399
RF01062,ZingEnergy,RTD Juice,2026-04-24,17,2026,CONV_STORE,MIDWEST,PLNT_ATL,13685,15270,12320,12587,11558,14491,15154,0.0068,0.1703,N,N,16284,-0.2606
RF01062,ZingEnergy,RTD Juice,2026-05-01,18,2026,CONV_STORE,SOUTHEAST,PLNT_ATL,14586,14972,16303,16251,14473,13920,18597,0.0947,0.0855,N,N,15225,-0.0766
RF01062,ZingEnergy,RTD Juice,2026-05-08,19,2026,CONV_STORE,WEST,PLNT_ATL,14255,13600,14659,14549,15532,13044,14773,0.0092,0.1209,N,N,14369,-0.0231
